Kind,Name,PercentLackOfCohesion,MaxInheritanceTree,CountClassBase,CountClassCoupled,CountDeclMethodAll,CountDeclInstanceMethod,CountDeclInstanceVariable,CountDeclMethod
Package,"(Unnamed_Package)",,,,,,3,3,4
File,"AbstractRunOnGpu.java",,,,,,2,1,2
File,"AbstractTest.java",,,,,,2,0,2
File,"AbstractTestBaseClass.java",,,,,,1,0,1
File,"AbstractTestDerivedClass.java",,,,,,2,0,2
File,"AbstractVisitorGen.java",,,,,,12,8,12
File,"AcceptableGpuTypes.java",,,,,,2,1,2
File,"AcceptableNativeMethods.java",,,,,,2,1,2
File,"AlignmentCheckedMemory.java",,,,,,12,0,12
File,"ApplicationMain.java",,,,,,1,0,1
File,"ArrayCloneRunOnGpu.java",,,,,,3,4,3
File,"ArrayCloneTest.java",,,,,,2,0,2
File,"ArrayCopyGenerate.java",,,,,,5,1,5
File,"ArrayCopyTypeReduction.java",,,,,,3,0,3
File,"ArrayLengthRunOnGpu.java",,,,,,3,2,3
File,"ArrayLengthTest.java",,,,,,2,0,2
File,"ArrayListRunOnGpu.java",,,,,,3,1,3
File,"ArrayListTest.java",,,,,,2,0,2
File,"ArrayListTestObject.java",,,,,,0,1,0
File,"ArrayMult.java",,,,,,2,2,2
File,"ArrayMult.java",,,,,,2,2,2
File,"ArrayMultApp.java",,,,,,1,0,2
File,"ArraySum.java",,,,,,3,3,3
File,"ArraySum.java",,,,,,2,3,2
File,"ArraySumApp.java",,,,,,1,0,2
File,"ArraySumTest.java",,,,,,2,0,2
File,"ArraysSortRunOnGpu.java",,,,,,3,1,3
File,"ArraysSortTest.java",,,,,,2,0,2
File,"AtomicLongRunOnGpu.java",,,,,,3,6,3
File,"AtomicLongTest.java",,,,,,2,0,2
File,"Aug4th2011PerformanceStudy.java",,,,,,13,9,14
File,"AutoboxingRunOnGpu.java",,,,,,10,4,10
File,"AutoboxingTest.java",,,,,,2,0,2
File,"BarrierRunOnGpu.java",,,,,,3,2,3
File,"BarrierTest.java",,,,,,2,0,2
File,"BaseConversionRunOnGpu.java",,,,,,3,3,3
File,"BaseConversionTest.java",,,,,,2,0,2
File,"BclMemory.java",,,,,,39,2,39
File,"BigDecimalRunOnGpu.java",,,,,,3,2,3
File,"BigDecimalTest.java",,,,,,2,0,2
File,"BitwiseRunOnGpu.java",,,,,,3,4,3
File,"BitwiseTest.java",,,,,,2,0,2
File,"Block.java",,,,,,10,5,10
File,"BlockParser.java",,,,,,1,0,1
File,"BlockShaper.java",,,,,,7,4,8
File,"BlockingQueue.java",,,,,,4,1,4
File,"BoundingBox.java",,,,,,7,4,8
File,"BruteForceFFTRunOnGpu.java",,,,,,3,4,3
File,"BruteForceFFTTest.java",,,,,,2,0,2
File,"BufferPrinter.java",,,,,,4,0,4
File,"ByteArrays.java",,,,,,2,0,2
File,"ByteArraysRunOnGpu.java",,,,,,3,4,3
File,"ByteByteValueRunOnGpu.java",,,,,,3,2,3
File,"ByteByteValueTest.java",,,,,,2,0,2
File,"BytecodeLanguage.java",,,,,,64,7,64
File,"CUDAContext.java",,,,,,16,13,16
File,"CUDALoader.java",,,,,,5,3,5
File,"CUDARuntime.java",,,,,,3,1,3
File,"CalcList.java",,,,,,3,2,3
File,"Calculation.java",,,,,,0,10,0
File,"Calculation.java",,,,,,1,18,1
File,"CallsPrivateMethod.java",,,,,,2,0,2
File,"ChangeThread.java",,,,,,2,0,2
File,"ChangeThreadRunOnGpu.java",,,,,,3,1,3
File,"ChangeThreadTest.java",,,,,,4,2,4
File,"CharArrays.java",,,,,,2,0,2
File,"CharArraysRunOnGpu.java",,,,,,3,4,3
File,"CheckedFixedMemory.java",,,,,,3,0,3
File,"ClassConstantNumbers.java",,,,,,2,2,2
File,"CloneMethod.java",,,,,,1,0,1
File,"CmdRunner.java",,,,,,8,7,8
File,"CmplInfRunOnGpu.java",,,,,,3,2,3
File,"CmplInfTest.java",,,,,,2,0,2
File,"CoarseningPhysics.java",,,,,,19,11,19
File,"CodeSegment.java",,,,,,8,0,8
File,"CompileResult.java",,,,,,4,3,4
File,"CompiledKernel.java",,,,,,8,0,8
File,"CompilerRunner.java",,,,,,5,3,5
File,"CompositeClass0.java",,,,,,1,2,1
File,"CompositeClass1.java",,,,,,2,1,2
File,"CompositeClass2.java",,,,,,2,2,2
File,"CompositeClass3.java",,,,,,2,0,2
File,"CompositeClass4.java",,,,,,2,1,2
File,"CompositeClass5.java",,,,,,3,2,3
File,"CompositeClass6.java",,,,,,3,3,3
File,"CompositeField.java",,,,,,10,5,10
File,"CompositeFieldFactory.java",,,,,,6,3,6
File,"Compressor.java",,,,,,7,2,8
File,"Configuration.java",,,,,,27,14,33
File,"Constants.java",,,,,,0,0,0
File,"ConstructorStmtSwitch.java",,,,,,6,2,6
File,"Context.java",,,,,,7,0,7
File,"CovarientBaseClass.java",,,,,,4,2,4
File,"CovarientDerivedClass.java",,,,,,3,1,3
File,"CovarientRunOnGpu.java",,,,,,2,4,2
File,"CovarientTest.java",,,,,,2,0,2
File,"CudaErrorException.java",,,,,,2,1,2
File,"CudaPath.java",,,,,,8,3,8
File,"CudaTweaks.java",,,,,,11,0,11
File,"CurrJarName.java",,,,,,1,0,1
File,"DeadMethods.java",,,,,,5,2,6
File,"DeleteFolder.java",,,,,,1,0,1
File,"DeviceNotSuitableException.java",,,,,,0,0,0
File,"DoesntCallPrivateMethod.java",,,,,,1,0,1
File,"DontDfsMethods.java",,,,,,2,1,2
File,"DotClassChild.java",,,,,,2,1,2
File,"DotClassRunOnGpu.java",,,,,,3,5,3
File,"DotClassTest.java",,,,,,2,0,2
File,"DoubleArrays.java",,,,,,2,0,2
File,"DoubleArraysRunOnGpu.java",,,,,,3,4,3
File,"DoubleToStringRunOnGpu.java",,,,,,3,2,3
File,"DoubleToStringTest.java",,,,,,2,0,2
File,"Droplet.java",,,,,,9,6,9
File,"EmptyRunOnGpu.java",,,,,,1,0,1
File,"EmptyTest.java",,,,,,2,0,2
File,"EverythingRunOnGpu.java",,,,,,2,1,2
File,"EverythingSynch.java",,,,,,1,1,1
File,"EverythingTest.java",,,,,,2,0,2
File,"ExMain.java",,,,,,1,0,1
File,"ExceptionBasicRunOnGpu.java",,,,,,4,1,4
File,"ExceptionBasicTest.java",,,,,,2,0,2
File,"ExceptionTestException.java",,,,,,1,0,1
File,"ExtraFields.java",,,,,,2,1,2
File,"FastMatrixTest.java",,,,,,4,2,4
File,"FieldCodeGeneration.java",,,,,,5,1,5
File,"FieldPackingSorter.java",,,,,,4,1,4
File,"FieldTypeSwitch.java",,,,,,5,2,5
File,"FindMethodCalls.java",,,,,,3,0,3
File,"FixedMemory.java",,,,,,97,11,97
File,"FloatArrays.java",,,,,,2,0,2
File,"FloatArraysRunOnGpu.java",,,,,,3,4,3
File,"FloatToStringRunOnGpu.java",,,,,,3,2,3
File,"FloatToStringTest.java",,,,,,2,0,2
File,"ForceGC.java",,,,,,0,0,1
File,"GencodeOptions.java",,,,,,4,3,4
File,"GenerateRuntimeBasicBlock.java",,,,,,17,6,17
File,"GpuAtomicLong.java",,,,,,19,1,19
File,"GpuCodeSplitter.java",,,,,,1,0,1
File,"GpuDevice.java",,,,,,50,25,52
File,"GpuException.java",,,,,,0,3,1
File,"GpuList.java",,,,,,7,2,8
File,"GpuList.java",,,,,,8,2,8
File,"GpuList.java",,,,,,7,2,8
File,"GpuListRunOnGpu.java",,,,,,3,1,3
File,"GpuListTest.java",,,,,,2,0,2
File,"GpuMethodKernel.java",,,,,,4,0,4
File,"GpuMethodTest.java",,,,,,2,0,2
File,"GpuNumber.java",,,,,,3,1,3
File,"GpuNumber.java",,,,,,3,1,3
File,"GpuStopwatch.java",,,,,,3,2,3
File,"GpuWorkItem.java",,,,,,4,4,4
File,"HashMapRunOnGpu.java",,,,,,2,1,2
File,"HashMapTest.java",,,,,,2,0,2
File,"HashSetRunOnGpu.java",,,,,,2,1,2
File,"HashSetTest.java",,,,,,2,0,2
File,"IRuntime.java",,,,,,1,0,1
File,"InstanceofOther.java",,,,,,0,0,0
File,"InstanceofOther2.java",,,,,,0,0,0
File,"InstanceofRunOnGpu.java",,,,,,3,2,3
File,"InstanceofTest.java",,,,,,2,0,2
File,"IntArrays.java",,,,,,2,0,2
File,"IntArraysRunOnGpu.java",,,,,,4,2,4
File,"IntList.java",,,,,,8,2,8
File,"IntStack.java",,,,,,3,3,3
File,"IsPolymorphic.java",,,,,,4,2,4
File,"Item.java",,,,,,2,1,2
File,"JarClassLoader.java",,,,,,3,1,3
File,"JarEntryHelp.java",,,,,,0,0,1
File,"JarToFolder.java",,,,,,6,1,6
File,"JavaNameToOpenCL.java",,,,,,0,0,1
File,"JimpleWriter.java",,,,,,1,0,1
Public Class,"KeepMainTest",0,1,1,1,2,1,0,2
File,"KeepMainTest.java",,,,,,1,0,2
File,"Kernel.java",,,,,,1,0,1
File,"KernelEntryPointDetector.java",,,,,,2,1,2
File,"KernelLaunch.java",,,,,,13,11,13
File,"KernelTemplateMain.java",,,,,,1,0,1
File,"LargeMemTest.java",,,,,,2,0,2
File,"LargeMemTestRunOnGpu.java",,,,,,3,2,3
File,"LinkedHashMapRunOnGpu.java",,,,,,2,1,2
File,"LinkedHashMapTest.java",,,,,,2,0,2
File,"LinkedHashSetRunOnGpu.java",,,,,,2,1,2
File,"LinkedHashSetTest.java",,,,,,2,0,2
File,"LinkedListRunOnGpu.java",,,,,,3,1,3
File,"LinkedListTest.java",,,,,,2,0,2
File,"LiveMethodDetector.java",,,,,,1,0,1
File,"LoadTestSerialization.java",,,,,,5,0,5
File,"LongArrays.java",,,,,,2,0,2
File,"LongArraysRunOnGpu.java",,,,,,3,4,3
File,"MMult.java",,,,,,2,5,2
File,"MMult.java",,,,,,2,0,2
File,"MMultApp.java",,,,,,2,0,3
File,"MMultRunOnGpu.java",,,,,,3,5,3
File,"Main.java",,,,,,5,11,7
File,"Main.java",,,,,,3,1,3
File,"Main.java",,,,,,2,0,2
File,"MainTester.java",,,,,,1,0,1
File,"MandelGenerator.java",,,,,,0,0,1
File,"MatrixApp.java",,,,,,10,13,11
File,"MatrixApp.java",,,,,,0,0,0
File,"MatrixApp.java",,,,,,9,9,10
File,"MatrixCpuThread.java",,,,,,3,9,3
File,"MatrixCpuThread.java",,,,,,3,8,3
File,"MatrixKernel.java",,,,,,2,7,2
File,"MatrixKernel.java",,,,,,0,0,0
File,"MatrixKernel.java",,,,,,2,18,2
File,"MatrixKernel.java",,,,,,3,5,3
File,"MegaMandel2.java",,,,,,0,0,1
File,"Memory.java",,,,,,56,0,56
File,"Memory_old.java",,,,,,56,7,56
File,"Method.java",,,,,,4,2,4
File,"MethodAnnotator.java",,,,,,2,0,2
File,"MethodCodeSegment.java",,,,,,9,3,9
File,"MethodHierarchies.java",,,,,,9,3,9
File,"MethodJimpleValueSwitch.java",,,,,,63,9,63
File,"MethodNameCompressor.java",,,,,,1,0,1
File,"MethodNameParser.java",,,,,,2,0,2
File,"MethodStmtSwitch.java",,,,,,28,7,28
File,"MonitorGroupItem.java",,,,,,7,3,7
File,"MonitorGroups.java",,,,,,4,0,4
File,"MultiArrayRunOnGpu.java",,,,,,3,2,3
File,"MultiArrayTest.java",,,,,,2,0,2
File,"MultiDimRay2.java",,,,,,0,0,1
File,"MultiDimensionalArrayTypeCreator.java",,,,,,2,0,2
File,"MultiGpuApp.java",,,,,,1,0,2
Public Class,"Multiply",0,1,2,0,2,2,3,2
File,"Multiply.java",,,,,,2,3,2
File,"MyKernel.java",,,,,,2,9,2
File,"MyKernel.java",,,,,,9,20,11
File,"NameMangling.java",,,,,,7,2,8
File,"NativeCpuDevice.java",,,,,,14,3,14
File,"NativeCpuRuntime.java",,,,,,3,1,4
File,"NativeCpuTweaks.java",,,,,,10,0,10
File,"NativeRuntime.java",,,,,,0,0,0
File,"NativeStrictMathRunOnGpu.java",,,,,,5,20,5
File,"NativeStrictMathTest.java",,,,,,2,0,2
File,"NewJPanel.java",,,,,,14,21,14
File,"NewJPanel.java",,,,,,8,12,12
File,"NewOnGpu.java",,,,,,2,0,2
File,"NewOnGpuRefObject.java",,,,,,1,1,1
File,"NewOnGpuRunOnGpu.java",,,,,,3,3,3
File,"NullPointer1RunOnGpu.java",,,,,,3,5,3
File,"NullPointer1Test.java",,,,,,2,0,2
File,"NullPointer2Object.java",,,,,,0,1,0
File,"NullPointer2RunOnGpu.java",,,,,,2,1,2
File,"NullPointer2Test.java",,,,,,2,0,2
File,"NullPointer3Object.java",,,,,,0,1,0
File,"NullPointer3RunOnGpu.java",,,,,,2,2,2
File,"NullPointer3Test.java",,,,,,2,0,2
File,"NullPointer4Object.java",,,,,,1,1,1
File,"NullPointer4RunOnGpu.java",,,,,,3,3,3
File,"NullPointer4Test.java",,,,,,2,0,2
File,"NumberedTypeSortComparator.java",,,,,,2,1,2
File,"ObjectCloneGenerate.java",,,,,,3,0,3
File,"OfCoarse.java",,,,,,3,0,3
File,"OffsetCalculator.java",,,,,,7,3,7
File,"OpenCLArrayType.java",,,,,,22,1,22
File,"OpenCLBody.java",,,,,,21,13,21
File,"OpenCLClass.java",,,,,,25,10,25
File,"OpenCLField.java",,,,,,29,5,29
File,"OpenCLInstanceof.java",,,,,,9,2,9
File,"OpenCLLexer.java",,,,,,18,3,18
File,"OpenCLMethod.java",,,,,,28,5,28
File,"OpenCLParser.java",,,,,,8,5,8
File,"OpenCLPolymorphicMethod.java",,,,,,9,2,9
File,"OpenCLRuntime.java",,,,,,3,1,3
File,"OpenCLScene.java",,,,,,38,12,41
File,"OpenCLType.java",,,,,,10,1,10
File,"OutOfGpuMemoryException.java",,,,,,0,0,0
File,"OuterClass3RunOnGpu.java",,,,,,5,2,5
File,"OuterClassRunOnGpu.java",,,,,,6,2,6
File,"OuterClassTest.java",,,,,,2,0,2
File,"OuterClassTest2.java",,,,,,2,0,2
File,"OuterClassTest3.java",,,,,,2,0,2
File,"PairHMM.java",,,,,,1,0,1
File,"PairHmmJimpleRunOnGpu.java",,,,,,4,2,4
File,"PairHmmJimpleTest.java",,,,,,2,0,2
File,"PairHmmQualityUtils.java",,,,,,0,0,0
File,"ParallelCompile.java",,,,,,3,2,3
File,"ParallelCompileJob.java",,,,,,4,5,4
File,"PerformanceTests.java",,,,,,2,0,2
File,"PermissionGraph.java",,,,,,4,1,4
File,"PermissionGraphNode.java",,,,,,5,2,5
File,"Point.java",,,,,,6,2,6
File,"PointDistance.java",,,,,,0,0,1
File,"PointerStack.java",,,,,,3,3,3
File,"PrintRunOnGpu.java",,,,,,2,1,2
File,"PrintTest.java",,,,,,2,0,2
File,"PrivateFields.java",,,,,,17,0,17
File,"QuickSort.java",,,,,,7,0,8
File,"QuickSortKernel.java",,,,,,3,5,3
File,"Random.java",,,,,,14,3,16
File,"RandomRemap.java",,,,,,3,2,3
File,"RandomRemapApp.java",,,,,,1,0,2
File,"RayGenerator.java",,,,,,1,4,3
File,"ReadFile.java",,,,,,2,1,2
File,"ReadJar.java",,,,,,6,1,6
File,"ReadOnlyTypes.java",,,,,,5,3,5
File,"RefType1.java",,,,,,4,7,4
File,"RefTypeArrays.java",,,,,,2,0,2
File,"RefTypeArraysRunOnGpu.java",,,,,,3,4,3
File,"RegisterNamer.java",,,,,,2,1,3
File,"RegularExpressionRunOnGpu.java",,,,,,3,5,3
File,"RegularExpressionTest.java",,,,,,2,0,2
File,"RemapRunOnGpu.java",,,,,,2,1,2
File,"RemapTest.java",,,,,,2,0,2
File,"ResourceReader.java",,,,,,0,0,3
File,"ReverseClassHierarchy.java",,,,,,4,1,4
File,"Rootbeer.java",,,,,,10,8,11
File,"RootbeerAtomicInt.java",,,,,,2,1,2
File,"RootbeerCompiler.java",,,,,,29,6,29
File,"RootbeerDfs.java",,,,,,2,1,2
File,"RootbeerGpu.java",,,,,,0,0,32
File,"RootbeerPaths.java",,,,,,8,0,9
File,"RootbeerTest.java",,,,,,3,0,3
File,"RootbeerTestAgent.java",,,,,,9,8,9
File,"SafeUuidGenerator.java",,,,,,0,0,1
File,"SameClassUsedClass.java",,,,,,3,2,3
File,"SameClassUsedTwiceRunOnGpu1.java",,,,,,3,1,3
File,"SameClassUsedTwiceRunOnGpu2.java",,,,,,3,1,3
File,"SameClassUsedTwiceTest1.java",,,,,,2,0,2
File,"SameClassUsedTwiceTest2.java",,,,,,2,0,2
File,"Segment.java",,,,,,4,2,4
File,"SegmentParser.java",,,,,,4,0,4
File,"Sentinal.java",,,,,,0,0,0
File,"Serializer.java",,,,,,28,4,29
File,"SerializerAdder.java",,,,,,3,1,3
File,"SharedMemSimpleRunOnGpu.java",,,,,,6,8,6
File,"SharedMemSimpleTest.java",,,,,,2,0,2
File,"ShiftRunOnGpu.java",,,,,,3,12,3
File,"ShiftTest.java",,,,,,2,0,2
File,"ShortArrays.java",,,,,,2,0,2
File,"ShortArraysRunOnGpu.java",,,,,,3,4,3
File,"SimpleSynchronizedObject.java",,,,,,3,1,3
File,"SimpleSynchronizedRunOnGpu.java",,,,,,3,1,3
File,"SimpleSynchronizedTest.java",,,,,,2,0,2
File,"SimpleTest.java",,,,,,3,0,3
File,"SimpleTestRunOnGpu.java",,,,,,3,1,3
File,"Stack.java",,,,,,5,1,5
File,"StaticOffsets.java",,,,,,16,9,16
File,"StaticsTest1.java",,,,,,2,0,2
File,"StaticsTest1BaseClass.java",,,,,,1,0,1
File,"StaticsTest1RunOnGpu.java",,,,,,3,7,3
File,"StaticsTest2.java",,,,,,2,0,2
File,"StaticsTest2BaseClass.java",,,,,,1,0,1
File,"StaticsTest2PrivateClass.java",,,,,,0,0,3
File,"StaticsTest2PublicClass.java",,,,,,3,0,3
File,"StaticsTest2RunOnGpu.java",,,,,,3,7,3
File,"StaticsTest3.java",,,,,,2,0,2
File,"StaticsTest3BaseClass.java",,,,,,1,0,1
File,"StaticsTest3RunOnGpu.java",,,,,,3,7,3
File,"StatsRow.java",,,,,,8,7,8
File,"StepFilterRunOnGpu.java",,,,,,4,6,4
File,"StepFilterTest.java",,,,,,2,0,2
File,"Stopwatch.java",,,,,,7,4,7
File,"StrictMath.java",,,,,,1,0,51
File,"StrictMath.java",,,,,,1,0,51
File,"StrictMathRunOnGpu.java",,,,,,3,5,3
File,"StrictMathTest.java",,,,,,2,0,2
File,"StringArrayTest1.java",,,,,,2,0,2
File,"StringArrayTest1RunOnGpu.java",,,,,,3,3,3
File,"StringBuilderRunOnGpu1.java",,,,,,3,1,3
File,"StringBuilderRunOnGpu2.java",,,,,,2,1,2
File,"StringBuilderTest1.java",,,,,,2,0,2
File,"StringBuilderTest2.java",,,,,,2,0,2
File,"StringConstantKernel.java",,,,,,2,1,2
File,"StringConstantTest.java",,,,,,2,0,2
File,"StringDelegate.java",,,,,,1,0,1
File,"StringRunOnGpu.java",,,,,,3,2,3
File,"StringTest.java",,,,,,2,0,2
File,"SuperClass.java",,,,,,2,0,2
File,"SuperClassRunOnGpu.java",,,,,,4,3,4
File,"SynchronizedMethod2RunOnGpu.java",,,,,,4,2,4
File,"SynchronizedMethod2Shared.java",,,,,,1,1,1
File,"SynchronizedMethod2Test.java",,,,,,2,0,2
File,"SynchronizedMethod3Object.java",,,,,,2,2,2
File,"SynchronizedMethod3RunOnGpu.java",,,,,,3,2,3
File,"SynchronizedMethod3Test.java",,,,,,2,0,2
File,"SynchronizedMethodObject.java",,,,,,1,1,1
File,"SynchronizedMethodRunOnGpu.java",,,,,,3,1,3
File,"SynchronizedMethodTest.java",,,,,,2,0,2
File,"SynchronizedObjectRunOnGpu.java",,,,,,3,11,3
File,"SynchronizedObjectShared.java",,,,,,1,1,1
File,"SynchronizedObjectTest.java",,,,,,2,0,2
File,"SynchronizedStaticMethodRunOnGpu.java",,,,,,4,2,4
File,"SynchronizedStaticMethodShared.java",,,,,,0,0,1
File,"SynchronizedStaticMethodTest.java",,,,,,2,0,2
File,"SystemOutHandler.java",,,,,,3,0,3
File,"TestApplication.java",,,,,,3,0,3
File,"TestApplicationFactory.java",,,,,,1,0,1
File,"TestCaseEntryPointDetector.java",,,,,,6,7,6
File,"TestCaseFollowTester.java",,,,,,2,1,2
File,"TestException.java",,,,,,2,0,2
File,"TestExceptionFactory.java",,,,,,1,0,1
File,"TestKernelTemplate.java",,,,,,3,0,3
File,"TestKernelTemplateFactory.java",,,,,,1,0,1
File,"TestSerialization.java",,,,,,2,0,2
File,"TestSerializationFactory.java",,,,,,2,0,2
File,"ThreadConfig.java",,,,,,4,3,4
File,"ThreadConfigApp.java",,,,,,1,0,2
File,"ThreadConfigKernel.java",,,,,,2,4,2
File,"Transform2.java",,,,,,3,1,3
File,"TrapItem.java",,,,,,5,4,5
File,"TreeMapRunOnGpu.java",,,,,,2,1,2
File,"TreeMapTest.java",,,,,,2,0,2
File,"TreeNode.java",,,,,,8,3,8
File,"TreeSetRunOnGpu.java",,,,,,2,1,2
File,"TreeSetTest.java",,,,,,2,0,2
File,"Tweaks.java",,,,,,10,0,12
File,"UnitAssembler.java",,,,,,22,7,22
File,"UnitsSuitableForGpu.java",,,,,,2,0,2
File,"VariableAgeCutoff.java",,,,,,20,4,20
File,"VisitorGen.java",,,,,,17,5,17
File,"VisitorReadGen.java",,,,,,13,9,13
File,"VisitorReadGenStatic.java",,,,,,7,3,7
File,"VisitorWriteGen.java",,,,,,17,19,17
File,"VisitorWriteGenStatic.java",,,,,,9,3,9
File,"WhileTrueRunOnGpu.java",,,,,,3,2,3
File,"WhileTrueTest.java",,,,,,2,0,2
File,"WindowsCompile.java",,,,,,7,2,7
File,"ZeroLengthArrayRunOnGpu.java",,,,,,2,1,2
File,"ZeroLengthArrayTest.java",,,,,,2,0,2
Package,"de.metzingen.thorstenkiefer",,,,,,10,24,14
Public Class,"de.metzingen.thorstenkiefer.MyKernel",79,1,2,0,11,9,20,11
Public Class,"de.metzingen.thorstenkiefer.RayGenerator",33,1,1,2,2,0,0,2
Private Static Class,"de.metzingen.thorstenkiefer.RayGenerator.MyThread",0,2,1,1,1,1,4,1
Package,"mandellib",,,,,,2,9,3
Public Class,"mandellib.MandelGenerator",0,1,1,1,1,0,0,1
Public Class,"mandellib.MyKernel",0,1,2,0,2,2,9,2
Package,"megamandel2",,,,,,14,21,15
Public Class,"megamandel2.MegaMandel2",0,1,1,1,1,0,0,1
Public Class,"megamandel2.NewJPanel",75,2,1,1,8,8,11,8
Private Static Class,"megamandel2.NewJPanel.MyThread",0,2,1,0,1,1,10,1
Class,"megamandel2.NewJPanel.NewJPanel.(Anon_1)",0,1,2,2,1,1,0,1
Class,"megamandel2.NewJPanel.initComponents.(Anon_2)",0,1,2,1,2,2,0,2
Class,"megamandel2.NewJPanel.initComponents.(Anon_3)",0,1,2,1,1,1,0,1
Class,"megamandel2.NewJPanel.initComponents.(Anon_4)",0,1,2,1,1,1,0,1
Package,"multidimray2",,,,,,8,12,13
Public Class,"multidimray2.MultiDimRay2",0,1,1,1,1,0,0,1
Public Class,"multidimray2.NewJPanel",89,2,1,1,9,5,10,9
Private Static Class,"multidimray2.NewJPanel.HyperCube",0,1,1,0,0,0,2,0
Class,"multidimray2.NewJPanel.NewJPanel.(Anon_1)",0,1,2,2,1,1,0,1
Class,"multidimray2.NewJPanel.initComponents.(Anon_2)",0,1,2,1,1,1,0,1
Class,"multidimray2.NewJPanel.initComponents.(Anon_3)",0,1,2,1,1,1,0,1
Package,"org.trifort.rootbeer.compiler",,,,,,8,2,8
Public Class,"org.trifort.rootbeer.compiler.AcceptableNativeMethods",0,1,1,0,2,2,1,2
Public Class,"org.trifort.rootbeer.compiler.FindMethodCalls",0,1,1,0,3,3,0,3
Public Class,"org.trifort.rootbeer.compiler.Transform2",33,1,1,2,3,3,1,3
Package,"org.trifort.rootbeer.compressor",,,,,,33,10,34
Public Class,"org.trifort.rootbeer.compressor.Compressor",68,1,1,3,8,7,2,8
Public Class,"org.trifort.rootbeer.compressor.OpenCLLexer",98,2,1,2,14,14,3,14
Class,"org.trifort.rootbeer.compressor.OpenCLLexer.DFA1",0,2,1,1,2,2,0,2
Class,"org.trifort.rootbeer.compressor.OpenCLLexer.DFA10",0,2,1,1,2,2,0,2
Public Class,"org.trifort.rootbeer.compressor.OpenCLParser",84,2,1,1,7,7,1,7
Public Static Class,"org.trifort.rootbeer.compressor.OpenCLParser.program_return",75,2,1,0,1,1,4,1
Package,"org.trifort.rootbeer.configuration",,,,,,35,14,42
Public Class,"org.trifort.rootbeer.configuration.Configuration",92,1,1,2,33,27,14,33
Public Class,"org.trifort.rootbeer.configuration.RootbeerPaths",88,1,1,0,9,8,0,9
Package,"org.trifort.rootbeer.deadmethods",,,,,,34,11,35
Public Class,"org.trifort.rootbeer.deadmethods.Block",72,1,1,4,10,10,5,10
Public Class,"org.trifort.rootbeer.deadmethods.BlockParser",25,1,1,3,1,1,0,1
Public Class,"org.trifort.rootbeer.deadmethods.DeadMethods",58,1,1,9,6,5,2,6
Public Class,"org.trifort.rootbeer.deadmethods.LiveMethodDetector",0,1,1,2,1,1,0,1
Public Class,"org.trifort.rootbeer.deadmethods.Method",50,1,1,0,4,4,2,4
Public Class,"org.trifort.rootbeer.deadmethods.MethodAnnotator",0,1,1,2,2,2,0,2
Public Class,"org.trifort.rootbeer.deadmethods.MethodNameCompressor",0,1,1,0,1,1,0,1
Public Class,"org.trifort.rootbeer.deadmethods.MethodNameParser",0,1,1,2,2,2,0,2
Public Class,"org.trifort.rootbeer.deadmethods.Segment",25,1,1,1,4,4,2,4
Public Class,"org.trifort.rootbeer.deadmethods.SegmentParser",75,1,1,1,4,4,0,4
Package,"org.trifort.rootbeer.entry",,,,,,70,39,73
Public Class,"org.trifort.rootbeer.entry.Aug4th2011PerformanceStudy",75,1,1,0,14,13,9,14
Public Class,"org.trifort.rootbeer.entry.DontDfsMethods",0,1,1,0,2,2,1,2
Public Class,"org.trifort.rootbeer.entry.ExtraFields",0,1,1,0,2,2,1,2
Public Class,"org.trifort.rootbeer.entry.JarClassLoader",33,1,1,0,3,3,1,3
Public Class,"org.trifort.rootbeer.entry.KernelEntryPointDetector",0,1,2,0,2,2,1,2
Public Class,"org.trifort.rootbeer.entry.Main",67,1,1,6,7,5,11,7
Public Class,"org.trifort.rootbeer.entry.MainTester",0,1,2,0,1,1,0,1
Public Class,"org.trifort.rootbeer.entry.RootbeerCompiler",90,1,1,17,29,29,6,29
Public Class,"org.trifort.rootbeer.entry.RootbeerDfs",0,1,1,0,2,2,1,2
Public Class,"org.trifort.rootbeer.entry.RootbeerTest",0,1,1,4,3,3,0,3
Public Class,"org.trifort.rootbeer.entry.TestCaseEntryPointDetector",69,1,2,0,6,6,7,6
Public Class,"org.trifort.rootbeer.entry.TestCaseFollowTester",0,1,2,0,2,2,1,2
Package,"org.trifort.rootbeer.examples.multigpu",,,,,,3,2,4
Public Class,"org.trifort.rootbeer.examples.multigpu.ArrayMult",0,1,2,0,2,2,2,2
Public Class,"org.trifort.rootbeer.examples.multigpu.MultiGpuApp",0,1,1,5,2,1,0,2
Package,"org.trifort.rootbeer.generate.bytecode",,,,,,249,84,252
Public Class,"org.trifort.rootbeer.generate.bytecode.AbstractVisitorGen",83,1,1,6,12,12,8,12
Public Class,"org.trifort.rootbeer.generate.bytecode.AcceptableGpuTypes",50,1,1,0,2,2,1,2
Public Class,"org.trifort.rootbeer.generate.bytecode.BclMemory",12,1,1,1,39,39,2,39
Public Class,"org.trifort.rootbeer.generate.bytecode.BytecodeLanguage",79,1,1,2,64,64,7,64
Public Class,"org.trifort.rootbeer.generate.bytecode.CloneMethod",0,1,1,1,1,1,0,1
Public Class,"org.trifort.rootbeer.generate.bytecode.Constants",0,1,1,0,0,0,0,0
Public Class,"org.trifort.rootbeer.generate.bytecode.GenerateRuntimeBasicBlock",79,1,1,12,17,17,6,17
Public Class,"org.trifort.rootbeer.generate.bytecode.GpuCodeSplitter",0,1,1,0,1,1,0,1
Public Class,"org.trifort.rootbeer.generate.bytecode.JavaNameToOpenCL",0,1,1,0,1,0,0,1
Public Class,"org.trifort.rootbeer.generate.bytecode.MultiDimensionalArrayTypeCreator",0,1,1,0,2,2,0,2
Public Class,"org.trifort.rootbeer.generate.bytecode.ReadOnlyTypes",53,1,1,1,5,5,3,5
Public Class,"org.trifort.rootbeer.generate.bytecode.RegisterNamer",50,1,1,0,3,2,1,3
Public Class,"org.trifort.rootbeer.generate.bytecode.SafeUuidGenerator",0,1,1,0,1,0,0,1
Public Class,"org.trifort.rootbeer.generate.bytecode.SerializerAdder",33,1,1,2,3,3,1,3
Public Class,"org.trifort.rootbeer.generate.bytecode.StaticOffsets",77,1,1,4,12,12,7,12
Private Class,"org.trifort.rootbeer.generate.bytecode.StaticOffsets.SortableField",37,1,2,1,4,4,2,4
Public Class,"org.trifort.rootbeer.generate.bytecode.UnitAssembler",77,1,1,0,22,22,7,22
Public Class,"org.trifort.rootbeer.generate.bytecode.VisitorGen",81,2,1,11,29,17,5,17
Public Class,"org.trifort.rootbeer.generate.bytecode.VisitorReadGen",82,2,1,8,25,13,9,13
Public Class,"org.trifort.rootbeer.generate.bytecode.VisitorReadGenStatic",71,2,1,10,19,7,3,7
Public Class,"org.trifort.rootbeer.generate.bytecode.VisitorWriteGen",84,2,1,9,29,17,19,17
Public Class,"org.trifort.rootbeer.generate.bytecode.VisitorWriteGenStatic",77,2,1,11,21,9,3,9
Package,"org.trifort.rootbeer.generate.bytecode.permissiongraph",,,,,,9,3,9
Public Class,"org.trifort.rootbeer.generate.bytecode.permissiongraph.PermissionGraph",0,1,1,1,4,4,1,4
Public Class,"org.trifort.rootbeer.generate.bytecode.permissiongraph.PermissionGraphNode",30,1,1,0,5,5,2,5
Package,"org.trifort.rootbeer.generate.codesegment",,,,,,17,3,17
Public Interface,"org.trifort.rootbeer.generate.codesegment.CodeSegment",0,0,0,0,8,8,0,8
Public Class,"org.trifort.rootbeer.generate.codesegment.MethodCodeSegment",74,1,2,0,9,9,3,9
Package,"org.trifort.rootbeer.generate.opencl",,,,,,180,44,184
Public Class,"org.trifort.rootbeer.generate.opencl.ArrayCopyGenerate",60,1,1,2,5,5,1,5
Public Class,"org.trifort.rootbeer.generate.opencl.ArrayCopyTypeReduction",0,1,1,3,3,3,0,3
Public Class,"org.trifort.rootbeer.generate.opencl.ClassConstantNumbers",0,1,1,0,2,2,2,2
Public Class,"org.trifort.rootbeer.generate.opencl.FieldPackingSorter",0,1,1,2,1,1,0,1
Private Class,"org.trifort.rootbeer.generate.opencl.FieldPackingSorter.SortableField",0,1,2,1,3,3,1,3
Public Class,"org.trifort.rootbeer.generate.opencl.IsPolymorphic",50,1,1,0,4,4,2,4
Public Class,"org.trifort.rootbeer.generate.opencl.MethodHierarchies",37,1,1,3,4,4,2,4
Private Class,"org.trifort.rootbeer.generate.opencl.MethodHierarchies.MethodHierarchy",0,1,1,4,5,5,1,5
Public Class,"org.trifort.rootbeer.generate.opencl.NameMangling",66,1,1,1,8,7,2,8
Public Class,"org.trifort.rootbeer.generate.opencl.ObjectCloneGenerate",0,1,1,4,3,3,0,3
Public Class,"org.trifort.rootbeer.generate.opencl.OpenCLArrayType",45,1,1,5,22,22,1,22
Public Class,"org.trifort.rootbeer.generate.opencl.OpenCLClass",84,1,1,7,25,25,10,25
Public Class,"org.trifort.rootbeer.generate.opencl.OpenCLInstanceof",66,1,1,2,9,9,2,9
Public Class,"org.trifort.rootbeer.generate.opencl.OpenCLMethod",79,1,1,11,28,28,5,28
Public Class,"org.trifort.rootbeer.generate.opencl.OpenCLPolymorphicMethod",37,1,1,3,8,8,2,8
Public Class,"org.trifort.rootbeer.generate.opencl.OpenCLPolymorphicMethod.VirtualMethodComparator",0,1,2,0,1,1,0,1
Public Class,"org.trifort.rootbeer.generate.opencl.OpenCLScene",92,1,1,27,41,38,12,41
Public Class,"org.trifort.rootbeer.generate.opencl.OpenCLType",19,1,1,0,10,10,1,10
Public Abstract Class,"org.trifort.rootbeer.generate.opencl.UnitsSuitableForGpu",0,1,1,0,2,2,0,2
Package,"org.trifort.rootbeer.generate.opencl.body",,,,,,134,38,134
Public Class,"org.trifort.rootbeer.generate.opencl.body.ConstructorStmtSwitch",58,2,1,2,34,6,2,6
Public Class,"org.trifort.rootbeer.generate.opencl.body.MethodJimpleValueSwitch",90,1,2,7,63,63,9,63
Public Class,"org.trifort.rootbeer.generate.opencl.body.MethodStmtSwitch",75,1,2,9,28,28,7,28
Public Class,"org.trifort.rootbeer.generate.opencl.body.MonitorGroupItem",61,1,1,0,7,7,3,7
Public Class,"org.trifort.rootbeer.generate.opencl.body.MonitorGroups",0,1,1,2,4,4,0,4
Public Class,"org.trifort.rootbeer.generate.opencl.body.OpenCLBody",84,1,1,11,21,21,13,21
Public Class,"org.trifort.rootbeer.generate.opencl.body.TrapItem",60,1,1,0,5,5,4,5
Package,"org.trifort.rootbeer.generate.opencl.fields",,,,,,76,24,76
Public Class,"org.trifort.rootbeer.generate.opencl.fields.CompositeField",68,1,1,2,10,10,5,10
Public Class,"org.trifort.rootbeer.generate.opencl.fields.CompositeFieldFactory",66,1,1,5,6,6,3,6
Public Class,"org.trifort.rootbeer.generate.opencl.fields.FieldCodeGeneration",60,1,1,5,5,5,1,5
Public Class,"org.trifort.rootbeer.generate.opencl.fields.FieldTypeSwitch",50,1,1,3,5,5,2,5
Public Class,"org.trifort.rootbeer.generate.opencl.fields.NumberedTypeSortComparator",0,1,2,0,2,2,1,2
Public Class,"org.trifort.rootbeer.generate.opencl.fields.OffsetCalculator",61,1,1,5,7,7,3,7
Public Class,"org.trifort.rootbeer.generate.opencl.fields.OpenCLField",83,1,1,9,29,29,5,29
Public Class,"org.trifort.rootbeer.generate.opencl.fields.ReverseClassHierarchy",50,1,1,3,4,4,1,4
Public Class,"org.trifort.rootbeer.generate.opencl.fields.TreeNode",50,1,1,1,8,8,3,8
Package,"org.trifort.rootbeer.generate.opencl.tweaks",,,,,,46,13,48
Public Class,"org.trifort.rootbeer.generate.opencl.tweaks.CompileResult",50,1,1,0,4,4,3,4
Public Class,"org.trifort.rootbeer.generate.opencl.tweaks.CudaTweaks",0,2,1,7,23,11,0,11
Public Class,"org.trifort.rootbeer.generate.opencl.tweaks.GencodeOptions",0,1,1,3,2,2,0,2
Public Enum Type,"org.trifort.rootbeer.generate.opencl.tweaks.GencodeOptions.CompileArchitecture",100,2,1,0,2,2,3,2
Public Class,"org.trifort.rootbeer.generate.opencl.tweaks.NativeCpuTweaks",0,2,1,0,22,10,0,10
Public Class,"org.trifort.rootbeer.generate.opencl.tweaks.ParallelCompile",0,1,2,5,3,3,2,3
Public Class,"org.trifort.rootbeer.generate.opencl.tweaks.ParallelCompileJob",50,1,1,5,4,4,5,4
Public Abstract Class,"org.trifort.rootbeer.generate.opencl.tweaks.Tweaks",83,1,1,0,12,10,0,12
Package,"org.trifort.rootbeer.remap",,,,,,34,4,36
Public Class,"org.trifort.rootbeer.remap.DoesntCallPrivateMethod",0,1,1,0,1,1,0,1
Public Class,"org.trifort.rootbeer.remap.GpuAtomicLong",5,2,2,0,19,19,1,19
Public Class,"org.trifort.rootbeer.remap.Random",88,1,2,1,16,14,3,16
Package,"org.trifort.rootbeer.runtime",,,,,,409,105,446
Public Class,"org.trifort.rootbeer.runtime.BlockShaper",62,1,1,0,8,7,4,8
Public Generic Class,"org.trifort.rootbeer.runtime.BlockingQueue",0,1,1,0,4,4,1,4
TypeVariable,"org.trifort.rootbeer.runtime.BlockingQueue.T",0,0,1,0,0,0,0,0
Public Class,"org.trifort.rootbeer.runtime.BufferPrinter",0,1,1,1,4,4,0,4
Public Class,"org.trifort.rootbeer.runtime.CUDAContext",71,1,3,13,16,16,13,16
Public Class,"org.trifort.rootbeer.runtime.CUDALoader",60,1,1,1,5,5,3,5
Public Class,"org.trifort.rootbeer.runtime.CUDARuntime",33,1,2,0,3,3,1,3
Public Class,"org.trifort.rootbeer.runtime.CheckedFixedMemory",0,2,1,0,91,3,0,3
Public Interface,"org.trifort.rootbeer.runtime.CompiledKernel",0,0,0,2,8,8,0,8
Public Interface,"org.trifort.rootbeer.runtime.Context",0,0,0,3,7,7,0,7
Public Class,"org.trifort.rootbeer.runtime.FixedMemory",90,1,2,1,88,88,7,88
Private Class,"org.trifort.rootbeer.runtime.FixedMemory.MemPointer",41,1,1,2,9,9,4,9
Public Class,"org.trifort.rootbeer.runtime.GpuDevice",96,1,1,2,52,50,25,52
Public Class,"org.trifort.rootbeer.runtime.GpuStopwatch",66,1,1,0,3,3,2,3
Public Interface,"org.trifort.rootbeer.runtime.IRuntime",0,0,0,0,1,1,0,1
Public Interface,"org.trifort.rootbeer.runtime.Kernel",0,0,0,0,1,1,0,1
Public Class,"org.trifort.rootbeer.runtime.KernelLaunch",83,1,1,1,13,13,11,13
Public Interface,"org.trifort.rootbeer.runtime.Memory",0,0,0,0,56,56,0,56
Public Abstract Class,"org.trifort.rootbeer.runtime.Memory_old",91,1,1,1,55,55,4,55
Private Class,"org.trifort.rootbeer.runtime.Memory_old.Pointer",0,1,1,0,1,1,3,1
Public Class,"org.trifort.rootbeer.runtime.NativeRuntime",0,1,1,0,0,0,0,0
Public Class,"org.trifort.rootbeer.runtime.OpenCLRuntime",33,1,2,0,3,3,1,3
Public Class,"org.trifort.rootbeer.runtime.PointerStack",11,1,1,0,3,3,3,3
Public Class,"org.trifort.rootbeer.runtime.PrivateFields",0,1,1,0,17,17,0,17
Public Class,"org.trifort.rootbeer.runtime.Rootbeer",96,1,1,8,11,10,8,11
Public Class,"org.trifort.rootbeer.runtime.RootbeerAtomicInt",0,1,1,0,2,2,1,2
Public Class,"org.trifort.rootbeer.runtime.RootbeerGpu",85,1,1,0,32,0,0,32
Public Class,"org.trifort.rootbeer.runtime.Sentinal",0,1,1,0,0,0,0,0
Public Abstract Class,"org.trifort.rootbeer.runtime.Serializer",91,1,1,2,28,27,2,28
Private Static Class,"org.trifort.rootbeer.runtime.Serializer.WriteCacheResult",0,1,1,0,1,1,2,1
Public Class,"org.trifort.rootbeer.runtime.StatsRow",76,1,1,0,8,8,7,8
Public Class,"org.trifort.rootbeer.runtime.ThreadConfig",50,1,1,0,4,4,3,4
Package,"org.trifort.rootbeer.runtime.gpu",,,,,,0,0,0
Public Class,"org.trifort.rootbeer.runtime.gpu.DeviceNotSuitableException",0,2,1,0,0,0,0,0
Public Class,"org.trifort.rootbeer.runtime.gpu.OutOfGpuMemoryException",0,2,1,0,0,0,0,0
Package,"org.trifort.rootbeer.runtime.nemu",,,,,,17,4,18
Public Class,"org.trifort.rootbeer.runtime.nemu.NativeCpuDevice",85,1,1,6,14,14,3,14
Public Class,"org.trifort.rootbeer.runtime.nemu.NativeCpuRuntime",62,1,1,4,4,3,1,4
Package,"org.trifort.rootbeer.runtime.util",,,,,,7,4,7
Public Class,"org.trifort.rootbeer.runtime.util.Stopwatch",64,1,1,0,7,7,4,7
Package,"org.trifort.rootbeer.runtime2.cuda",,,,,,2,1,2
Public Class,"org.trifort.rootbeer.runtime2.cuda.CudaErrorException",50,2,1,0,2,2,1,2
Package,"org.trifort.rootbeer.runtimegpu",,,,,,0,3,1
Public Class,"org.trifort.rootbeer.runtimegpu.GpuException",0,1,1,0,1,0,3,1
Package,"org.trifort.rootbeer.test",,,,,,49,9,49
Public Class,"org.trifort.rootbeer.test.AlignmentCheckedMemory",0,2,1,0,100,12,0,12
Public Class,"org.trifort.rootbeer.test.ApplicationMain",0,1,2,1,1,1,0,1
Public Class,"org.trifort.rootbeer.test.ChangeThread",0,1,2,2,2,2,0,2
Public Class,"org.trifort.rootbeer.test.ExMain",0,1,2,4,1,1,0,1
Public Class,"org.trifort.rootbeer.test.KernelTemplateMain",0,1,2,1,1,1,0,1
Public Class,"org.trifort.rootbeer.test.LoadTestSerialization",0,1,1,4,5,5,0,5
Public Class,"org.trifort.rootbeer.test.Main",0,1,2,69,3,3,1,3
Public Class,"org.trifort.rootbeer.test.RootbeerTestAgent",42,1,1,13,7,7,5,7
Private Class,"org.trifort.rootbeer.test.RootbeerTestAgent.ChangeThread",0,1,2,6,2,2,3,2
Public Interface,"org.trifort.rootbeer.test.TestApplication",0,0,0,0,3,3,0,3
Public Interface,"org.trifort.rootbeer.test.TestApplicationFactory",0,0,0,0,1,1,0,1
Public Interface,"org.trifort.rootbeer.test.TestException",0,0,0,0,2,2,0,2
Public Interface,"org.trifort.rootbeer.test.TestExceptionFactory",0,0,0,0,1,1,0,1
Public Interface,"org.trifort.rootbeer.test.TestKernelTemplate",0,0,0,2,3,3,0,3
Public Interface,"org.trifort.rootbeer.test.TestKernelTemplateFactory",0,0,0,0,1,1,0,1
Public Interface,"org.trifort.rootbeer.test.TestSerialization",0,0,0,1,2,2,0,2
Public Interface,"org.trifort.rootbeer.test.TestSerializationFactory",0,0,0,0,2,2,0,2
Package,"org.trifort.rootbeer.testcases.everything",,,,,,5,2,5
Class,"org.trifort.rootbeer.testcases.everything.EverythingRunOnGpu",50,1,2,1,2,2,1,2
Public Class,"org.trifort.rootbeer.testcases.everything.EverythingSynch",0,1,1,0,1,1,1,1
Public Class,"org.trifort.rootbeer.testcases.everything.EverythingTest",0,1,2,3,2,2,0,2
Package,"org.trifort.rootbeer.testcases.otherpackage",,,,,,6,5,6
Class,"org.trifort.rootbeer.testcases.otherpackage.CompositeClass5",50,7,1,0,12,3,2,3
Public Class,"org.trifort.rootbeer.testcases.otherpackage.CompositeClass6",22,8,1,0,15,3,3,3
Package,"org.trifort.rootbeer.testcases.otherpackage2",,,,,,3,0,6
Class,"org.trifort.rootbeer.testcases.otherpackage2.StaticsTest2PrivateClass",50,1,1,0,3,0,0,3
Public Class,"org.trifort.rootbeer.testcases.otherpackage2.StaticsTest2PublicClass",66,1,1,1,3,3,0,3
Package,"org.trifort.rootbeer.testcases.rootbeertest",,,,,,17,9,17
Public Class,"org.trifort.rootbeer.testcases.rootbeertest.CompositeClass0",50,2,1,0,1,1,2,1
Public Class,"org.trifort.rootbeer.testcases.rootbeertest.CompositeClass1",0,3,1,0,3,2,1,2
Public Class,"org.trifort.rootbeer.testcases.rootbeertest.CompositeClass2",0,4,1,0,5,2,2,2
Public Class,"org.trifort.rootbeer.testcases.rootbeertest.CompositeClass3",0,5,1,0,7,2,0,2
Public Class,"org.trifort.rootbeer.testcases.rootbeertest.CompositeClass4",0,6,1,0,9,2,1,2
Public Class,"org.trifort.rootbeer.testcases.rootbeertest.PerformanceTests",0,1,2,5,2,2,0,2
Public Class,"org.trifort.rootbeer.testcases.rootbeertest.SuperClass",0,1,2,2,2,2,0,2
Public Class,"org.trifort.rootbeer.testcases.rootbeertest.SuperClassRunOnGpu",41,1,2,1,4,4,3,4
Package,"org.trifort.rootbeer.testcases.rootbeertest.arraysum",,,,,,5,3,5
Public Class,"org.trifort.rootbeer.testcases.rootbeertest.arraysum.ArraySum",22,1,2,0,3,3,3,3
Public Class,"org.trifort.rootbeer.testcases.rootbeertest.arraysum.ArraySumTest",0,1,2,2,2,2,0,2
Package,"org.trifort.rootbeer.testcases.rootbeertest.baseconversion",,,,,,24,8,24
Public Class,"org.trifort.rootbeer.testcases.rootbeertest.baseconversion.BaseConversionRunOnGpu",22,1,2,2,3,3,3,3
Public Class,"org.trifort.rootbeer.testcases.rootbeertest.baseconversion.BaseConversionTest",0,1,2,4,2,2,0,2
Public Class,"org.trifort.rootbeer.testcases.rootbeertest.baseconversion.GpuList",37,1,1,0,8,8,2,8
Public Class,"org.trifort.rootbeer.testcases.rootbeertest.baseconversion.GpuNumber",0,1,1,0,3,3,1,3
Public Class,"org.trifort.rootbeer.testcases.rootbeertest.baseconversion.IntList",37,1,1,0,8,8,2,8
Package,"org.trifort.rootbeer.testcases.rootbeertest.exception",,,,,,19,14,19
Public Class,"org.trifort.rootbeer.testcases.rootbeertest.exception.NullPointer1RunOnGpu",53,1,2,0,3,3,5,3
Public Class,"org.trifort.rootbeer.testcases.rootbeertest.exception.NullPointer1Test",0,1,2,2,2,2,0,2
Public Class,"org.trifort.rootbeer.testcases.rootbeertest.exception.NullPointer2Object",0,1,1,0,0,0,1,0
Public Class,"org.trifort.rootbeer.testcases.rootbeertest.exception.NullPointer2RunOnGpu",50,1,2,1,2,2,1,2
Public Class,"org.trifort.rootbeer.testcases.rootbeertest.exception.NullPointer2Test",0,1,2,2,2,2,0,2
Public Class,"org.trifort.rootbeer.testcases.rootbeertest.exception.NullPointer3Object",0,1,1,0,0,0,1,0
Public Class,"org.trifort.rootbeer.testcases.rootbeertest.exception.NullPointer3RunOnGpu",50,1,2,1,2,2,2,2
Public Class,"org.trifort.rootbeer.testcases.rootbeertest.exception.NullPointer3Test",0,1,2,2,2,2,0,2
Public Class,"org.trifort.rootbeer.testcases.rootbeertest.exception.NullPointer4Object",0,1,1,0,1,1,1,1
Public Class,"org.trifort.rootbeer.testcases.rootbeertest.exception.NullPointer4RunOnGpu",44,1,2,1,3,3,3,3
Public Class,"org.trifort.rootbeer.testcases.rootbeertest.exception.NullPointer4Test",0,1,2,2,2,2,0,2
Package,"org.trifort.rootbeer.testcases.rootbeertest.gpurequired",,,,,,143,109,144
Public Class,"org.trifort.rootbeer.testcases.rootbeertest.gpurequired.AtomicLongRunOnGpu",22,1,2,0,3,3,6,3
Public Class,"org.trifort.rootbeer.testcases.rootbeertest.gpurequired.AtomicLongTest",0,1,2,2,2,2,0,2
Public Class,"org.trifort.rootbeer.testcases.rootbeertest.gpurequired.BarrierRunOnGpu",16,1,2,1,3,3,2,3
Public Class,"org.trifort.rootbeer.testcases.rootbeertest.gpurequired.BarrierTest",0,1,2,2,2,2,0,2
Public Class,"org.trifort.rootbeer.testcases.rootbeertest.gpurequired.BitwiseRunOnGpu",0,1,2,0,3,3,4,3
Public Class,"org.trifort.rootbeer.testcases.rootbeertest.gpurequired.BitwiseTest",0,1,2,2,2,2,0,2
Public Class,"org.trifort.rootbeer.testcases.rootbeertest.gpurequired.BruteForceFFTRunOnGpu",16,1,2,0,3,3,4,3
Public Class,"org.trifort.rootbeer.testcases.rootbeertest.gpurequired.BruteForceFFTTest",0,1,2,2,2,2,0,2
Public Class,"org.trifort.rootbeer.testcases.rootbeertest.gpurequired.ChangeThreadRunOnGpu",0,1,2,0,3,3,1,3
Public Class,"org.trifort.rootbeer.testcases.rootbeertest.gpurequired.ChangeThreadTest",50,1,2,4,2,2,1,2
Private Class,"org.trifort.rootbeer.testcases.rootbeertest.gpurequired.ChangeThreadTest.CreateRootbeerThread",0,1,2,1,2,2,1,2
Public Class,"org.trifort.rootbeer.testcases.rootbeertest.gpurequired.DotClassChild",0,1,1,0,2,2,1,2
Public Class,"org.trifort.rootbeer.testcases.rootbeertest.gpurequired.DotClassRunOnGpu",53,1,2,1,3,3,5,3
Public Class,"org.trifort.rootbeer.testcases.rootbeertest.gpurequired.DotClassTest",0,1,2,2,2,2,0,2
Public Class,"org.trifort.rootbeer.testcases.rootbeertest.gpurequired.ExceptionBasicRunOnGpu",50,1,2,1,4,4,1,4
Public Class,"org.trifort.rootbeer.testcases.rootbeertest.gpurequired.ExceptionBasicTest",0,1,2,3,2,2,0,2
Public Class,"org.trifort.rootbeer.testcases.rootbeertest.gpurequired.ExceptionTestException",0,2,1,0,1,1,0,1
Public Class,"org.trifort.rootbeer.testcases.rootbeertest.gpurequired.LargeMemTest",0,1,2,2,2,2,0,2
Public Class,"org.trifort.rootbeer.testcases.rootbeertest.gpurequired.LargeMemTestRunOnGpu",33,1,2,0,3,3,2,3
Public Class,"org.trifort.rootbeer.testcases.rootbeertest.gpurequired.MultiArrayRunOnGpu",33,1,2,0,3,3,2,3
Public Class,"org.trifort.rootbeer.testcases.rootbeertest.gpurequired.MultiArrayTest",0,1,2,2,2,2,0,2
Public Class,"org.trifort.rootbeer.testcases.rootbeertest.gpurequired.NewOnGpu",0,1,2,2,2,2,0,2
Public Class,"org.trifort.rootbeer.testcases.rootbeertest.gpurequired.NewOnGpuRefObject",0,1,1,0,1,1,1,1
Public Class,"org.trifort.rootbeer.testcases.rootbeertest.gpurequired.NewOnGpuRunOnGpu",0,1,2,1,3,3,3,3
Public Class,"org.trifort.rootbeer.testcases.rootbeertest.gpurequired.PrintRunOnGpu",0,1,2,0,2,2,1,2
Public Class,"org.trifort.rootbeer.testcases.rootbeertest.gpurequired.PrintTest",0,1,2,2,2,2,0,2
Public Class,"org.trifort.rootbeer.testcases.rootbeertest.gpurequired.SharedMemSimpleRunOnGpu",66,1,2,1,6,6,8,6
Public Class,"org.trifort.rootbeer.testcases.rootbeertest.gpurequired.SharedMemSimpleTest",0,1,2,2,2,2,0,2
Public Class,"org.trifort.rootbeer.testcases.rootbeertest.gpurequired.ShiftRunOnGpu",11,1,2,0,3,3,12,3
Public Class,"org.trifort.rootbeer.testcases.rootbeertest.gpurequired.ShiftTest",0,1,2,2,2,2,0,2
Public Class,"org.trifort.rootbeer.testcases.rootbeertest.gpurequired.SimpleSynchronizedObject",0,1,1,0,3,3,1,3
Public Class,"org.trifort.rootbeer.testcases.rootbeertest.gpurequired.SimpleSynchronizedRunOnGpu",0,1,2,1,3,3,1,3
Public Class,"org.trifort.rootbeer.testcases.rootbeertest.gpurequired.SimpleSynchronizedTest",0,1,2,3,2,2,0,2
Public Class,"org.trifort.rootbeer.testcases.rootbeertest.gpurequired.StaticsTest1",0,1,2,2,2,2,0,2
Public Class,"org.trifort.rootbeer.testcases.rootbeertest.gpurequired.StaticsTest1BaseClass",0,1,1,0,1,1,0,1
Public Class,"org.trifort.rootbeer.testcases.rootbeertest.gpurequired.StaticsTest1RunOnGpu",30,2,2,1,4,3,7,3
Public Class,"org.trifort.rootbeer.testcases.rootbeertest.gpurequired.StaticsTest2",0,1,2,2,2,2,0,2
Public Class,"org.trifort.rootbeer.testcases.rootbeertest.gpurequired.StaticsTest2BaseClass",0,1,1,0,1,1,0,1
Public Class,"org.trifort.rootbeer.testcases.rootbeertest.gpurequired.StaticsTest2RunOnGpu",30,2,2,2,4,3,7,3
Public Class,"org.trifort.rootbeer.testcases.rootbeertest.gpurequired.StaticsTest3",0,1,2,2,2,2,0,2
Public Class,"org.trifort.rootbeer.testcases.rootbeertest.gpurequired.StaticsTest3BaseClass",0,1,1,0,1,1,0,1
Public Class,"org.trifort.rootbeer.testcases.rootbeertest.gpurequired.StaticsTest3RunOnGpu",61,2,2,0,4,3,7,3
Public Class,"org.trifort.rootbeer.testcases.rootbeertest.gpurequired.StepFilterRunOnGpu",33,1,2,0,4,4,6,4
Public Class,"org.trifort.rootbeer.testcases.rootbeertest.gpurequired.StepFilterTest",0,1,2,2,2,2,0,2
Public Class,"org.trifort.rootbeer.testcases.rootbeertest.gpurequired.SynchronizedMethod2RunOnGpu",37,1,2,1,4,4,2,4
Public Class,"org.trifort.rootbeer.testcases.rootbeertest.gpurequired.SynchronizedMethod2Shared",0,1,1,0,1,1,1,1
Public Class,"org.trifort.rootbeer.testcases.rootbeertest.gpurequired.SynchronizedMethod2Test",0,1,2,3,2,2,0,2
Public Class,"org.trifort.rootbeer.testcases.rootbeertest.gpurequired.SynchronizedMethod3Object",0,1,1,0,2,2,2,2
Public Class,"org.trifort.rootbeer.testcases.rootbeertest.gpurequired.SynchronizedMethod3RunOnGpu",16,1,2,1,3,3,2,3
Public Class,"org.trifort.rootbeer.testcases.rootbeertest.gpurequired.SynchronizedMethod3Test",0,1,2,3,2,2,0,2
Public Class,"org.trifort.rootbeer.testcases.rootbeertest.gpurequired.SynchronizedMethodObject",0,1,1,0,1,1,1,1
Public Class,"org.trifort.rootbeer.testcases.rootbeertest.gpurequired.SynchronizedMethodRunOnGpu",0,1,2,1,3,3,1,3
Public Class,"org.trifort.rootbeer.testcases.rootbeertest.gpurequired.SynchronizedMethodTest",0,1,2,3,2,2,0,2
Public Class,"org.trifort.rootbeer.testcases.rootbeertest.gpurequired.SynchronizedObjectRunOnGpu",30,1,2,1,3,3,11,3
Public Class,"org.trifort.rootbeer.testcases.rootbeertest.gpurequired.SynchronizedObjectShared",0,1,1,0,1,1,1,1
Public Class,"org.trifort.rootbeer.testcases.rootbeertest.gpurequired.SynchronizedObjectTest",0,1,2,3,2,2,0,2
Public Class,"org.trifort.rootbeer.testcases.rootbeertest.gpurequired.SynchronizedStaticMethodRunOnGpu",37,1,2,1,4,4,2,4
Public Class,"org.trifort.rootbeer.testcases.rootbeertest.gpurequired.SynchronizedStaticMethodShared",0,1,1,0,1,0,0,1
Public Class,"org.trifort.rootbeer.testcases.rootbeertest.gpurequired.SynchronizedStaticMethodTest",0,1,2,3,2,2,0,2
Public Class,"org.trifort.rootbeer.testcases.rootbeertest.gpurequired.WhileTrueRunOnGpu",16,1,2,0,3,3,2,3
Public Class,"org.trifort.rootbeer.testcases.rootbeertest.gpurequired.WhileTrueTest",0,1,2,2,2,2,0,2
Package,"org.trifort.rootbeer.testcases.rootbeertest.kerneltemplate",,,,,,7,7,7
Public Class,"org.trifort.rootbeer.testcases.rootbeertest.kerneltemplate.FastMatrixTest",25,1,2,3,4,4,2,4
Public Class,"org.trifort.rootbeer.testcases.rootbeertest.kerneltemplate.MatrixKernel",26,1,2,1,3,3,5,3
Package,"org.trifort.rootbeer.testcases.rootbeertest.math",,,,,,5,2,5
Public Class,"org.trifort.rootbeer.testcases.rootbeertest.math.BigDecimalRunOnGpu",33,1,2,0,3,3,2,3
Public Class,"org.trifort.rootbeer.testcases.rootbeertest.math.BigDecimalTest",0,1,2,2,2,2,0,2
Package,"org.trifort.rootbeer.testcases.rootbeertest.ofcoarse",,,,,,81,34,134
Public Class,"org.trifort.rootbeer.testcases.rootbeertest.ofcoarse.BoundingBox",43,1,1,2,8,7,4,8
Public Class,"org.trifort.rootbeer.testcases.rootbeertest.ofcoarse.CoarseningPhysics",81,1,1,7,19,19,11,19
Public Class,"org.trifort.rootbeer.testcases.rootbeertest.ofcoarse.Droplet",53,1,1,2,9,9,6,9
Public Generic Class,"org.trifort.rootbeer.testcases.rootbeertest.ofcoarse.GpuList",43,1,1,0,8,7,2,8
TypeVariable,"org.trifort.rootbeer.testcases.rootbeertest.ofcoarse.GpuList.T",0,0,1,0,0,0,0,0
Public Class,"org.trifort.rootbeer.testcases.rootbeertest.ofcoarse.GpuNumber",0,1,1,0,3,3,1,3
Public Class,"org.trifort.rootbeer.testcases.rootbeertest.ofcoarse.GpuWorkItem",37,1,2,7,4,4,4,4
Public Class,"org.trifort.rootbeer.testcases.rootbeertest.ofcoarse.Main",0,1,2,2,2,2,0,2
Public Class,"org.trifort.rootbeer.testcases.rootbeertest.ofcoarse.OfCoarse",0,1,2,7,3,3,0,3
Public Class,"org.trifort.rootbeer.testcases.rootbeertest.ofcoarse.Point",16,1,1,0,6,6,2,6
Public Class,"org.trifort.rootbeer.testcases.rootbeertest.ofcoarse.PointDistance",0,1,1,2,1,0,0,1
Public Class,"org.trifort.rootbeer.testcases.rootbeertest.ofcoarse.StrictMath",97,1,1,0,51,1,0,51
Public Class,"org.trifort.rootbeer.testcases.rootbeertest.ofcoarse.VariableAgeCutoff",50,1,1,3,15,15,2,15
Public Class,"org.trifort.rootbeer.testcases.rootbeertest.ofcoarse.VariableAgeCutoff.VAgeStepItem",50,1,1,3,5,5,2,5
Package,"org.trifort.rootbeer.testcases.rootbeertest.remaptest",,,,,,6,1,6
Public Class,"org.trifort.rootbeer.testcases.rootbeertest.remaptest.CallsPrivateMethod",0,1,1,0,2,2,0,2
Public Class,"org.trifort.rootbeer.testcases.rootbeertest.remaptest.RemapRunOnGpu",0,1,2,1,2,2,1,2
Public Class,"org.trifort.rootbeer.testcases.rootbeertest.remaptest.RemapTest",0,1,2,2,2,2,0,2
Package,"org.trifort.rootbeer.testcases.rootbeertest.serialization",,,,,,265,134,316
Public Class,"org.trifort.rootbeer.testcases.rootbeertest.serialization.AbstractRunOnGpu",0,1,2,2,2,2,1,2
Public Class,"org.trifort.rootbeer.testcases.rootbeertest.serialization.AbstractTest",0,1,2,2,2,2,0,2
Public Abstract Class,"org.trifort.rootbeer.testcases.rootbeertest.serialization.AbstractTestBaseClass",0,1,1,0,1,1,0,1
Class,"org.trifort.rootbeer.testcases.rootbeertest.serialization.AbstractTestDerivedClass",0,2,1,0,3,2,0,2
Public Class,"org.trifort.rootbeer.testcases.rootbeertest.serialization.ArrayCloneRunOnGpu",33,1,2,0,3,3,4,3
Public Class,"org.trifort.rootbeer.testcases.rootbeertest.serialization.ArrayCloneTest",0,1,2,2,2,2,0,2
Public Class,"org.trifort.rootbeer.testcases.rootbeertest.serialization.ArrayLengthRunOnGpu",33,1,2,0,3,3,2,3
Public Class,"org.trifort.rootbeer.testcases.rootbeertest.serialization.ArrayLengthTest",0,1,2,2,2,2,0,2
Public Class,"org.trifort.rootbeer.testcases.rootbeertest.serialization.ArrayListRunOnGpu",0,1,2,1,3,3,1,3
Public Class,"org.trifort.rootbeer.testcases.rootbeertest.serialization.ArrayListTest",0,1,2,3,2,2,0,2
Public Class,"org.trifort.rootbeer.testcases.rootbeertest.serialization.ArrayListTestObject",0,1,1,0,0,0,1,0
Public Class,"org.trifort.rootbeer.testcases.rootbeertest.serialization.ArraysSortRunOnGpu",0,1,2,0,3,3,1,3
Public Class,"org.trifort.rootbeer.testcases.rootbeertest.serialization.ArraysSortTest",0,1,2,2,2,2,0,2
Public Class,"org.trifort.rootbeer.testcases.rootbeertest.serialization.AutoboxingRunOnGpu",80,1,2,0,10,10,4,10
Public Class,"org.trifort.rootbeer.testcases.rootbeertest.serialization.AutoboxingTest",0,1,2,2,2,2,0,2
Public Class,"org.trifort.rootbeer.testcases.rootbeertest.serialization.ByteArrays",0,1,2,2,2,2,0,2
Public Class,"org.trifort.rootbeer.testcases.rootbeertest.serialization.ByteArraysRunOnGpu",0,1,2,0,3,3,4,3
Public Class,"org.trifort.rootbeer.testcases.rootbeertest.serialization.ByteByteValueRunOnGpu",33,1,2,0,3,3,2,3
Public Class,"org.trifort.rootbeer.testcases.rootbeertest.serialization.ByteByteValueTest",0,1,2,2,2,2,0,2
Public Class,"org.trifort.rootbeer.testcases.rootbeertest.serialization.CharArrays",0,1,2,2,2,2,0,2
Public Class,"org.trifort.rootbeer.testcases.rootbeertest.serialization.CharArraysRunOnGpu",0,1,2,0,3,3,4,3
Public Class,"org.trifort.rootbeer.testcases.rootbeertest.serialization.CmplInfRunOnGpu",16,1,2,0,3,3,2,3
Public Class,"org.trifort.rootbeer.testcases.rootbeertest.serialization.CmplInfTest",0,1,2,2,2,2,0,2
Public Class,"org.trifort.rootbeer.testcases.rootbeertest.serialization.CovarientBaseClass",25,1,1,0,4,4,2,4
Public Class,"org.trifort.rootbeer.testcases.rootbeertest.serialization.CovarientDerivedClass",33,2,1,0,7,3,1,3
Public Class,"org.trifort.rootbeer.testcases.rootbeertest.serialization.CovarientRunOnGpu",0,1,2,2,2,2,4,2
Public Class,"org.trifort.rootbeer.testcases.rootbeertest.serialization.CovarientTest",0,1,2,2,2,2,0,2
Public Class,"org.trifort.rootbeer.testcases.rootbeertest.serialization.DoubleArrays",0,1,2,2,2,2,0,2
Public Class,"org.trifort.rootbeer.testcases.rootbeertest.serialization.DoubleArraysRunOnGpu",0,1,2,0,3,3,4,3
Public Class,"org.trifort.rootbeer.testcases.rootbeertest.serialization.DoubleToStringRunOnGpu",16,1,2,0,3,3,2,3
Public Class,"org.trifort.rootbeer.testcases.rootbeertest.serialization.DoubleToStringTest",0,1,2,2,2,2,0,2
Public Class,"org.trifort.rootbeer.testcases.rootbeertest.serialization.EmptyRunOnGpu",0,1,2,0,1,1,0,1
Public Class,"org.trifort.rootbeer.testcases.rootbeertest.serialization.EmptyTest",0,1,2,2,2,2,0,2
Public Class,"org.trifort.rootbeer.testcases.rootbeertest.serialization.FloatArrays",0,1,2,2,2,2,0,2
Public Class,"org.trifort.rootbeer.testcases.rootbeertest.serialization.FloatArraysRunOnGpu",0,1,2,0,3,3,4,3
Public Class,"org.trifort.rootbeer.testcases.rootbeertest.serialization.FloatToStringRunOnGpu",16,1,2,0,3,3,2,3
Public Class,"org.trifort.rootbeer.testcases.rootbeertest.serialization.FloatToStringTest",0,1,2,2,2,2,0,2
Public Generic Class,"org.trifort.rootbeer.testcases.rootbeertest.serialization.GpuList",43,1,1,0,8,7,2,8
TypeVariable,"org.trifort.rootbeer.testcases.rootbeertest.serialization.GpuList.T",0,0,1,0,0,0,0,0
Public Class,"org.trifort.rootbeer.testcases.rootbeertest.serialization.GpuListRunOnGpu",0,1,2,2,3,3,1,3
Public Class,"org.trifort.rootbeer.testcases.rootbeertest.serialization.GpuListTest",0,1,2,4,2,2,0,2
Public Class,"org.trifort.rootbeer.testcases.rootbeertest.serialization.GpuMethodKernel",0,1,2,0,4,4,0,4
Public Class,"org.trifort.rootbeer.testcases.rootbeertest.serialization.GpuMethodTest",0,1,2,2,2,2,0,2
Public Class,"org.trifort.rootbeer.testcases.rootbeertest.serialization.HashMapRunOnGpu",0,1,2,0,2,2,1,2
Public Class,"org.trifort.rootbeer.testcases.rootbeertest.serialization.HashMapTest",0,1,2,2,2,2,0,2
Public Class,"org.trifort.rootbeer.testcases.rootbeertest.serialization.HashSetRunOnGpu",0,1,2,0,2,2,1,2
Public Class,"org.trifort.rootbeer.testcases.rootbeertest.serialization.HashSetTest",0,1,2,2,2,2,0,2
Public Class,"org.trifort.rootbeer.testcases.rootbeertest.serialization.InstanceofOther",0,2,1,0,0,0,0,0
Public Class,"org.trifort.rootbeer.testcases.rootbeertest.serialization.InstanceofOther2",0,1,1,0,0,0,0,0
Public Class,"org.trifort.rootbeer.testcases.rootbeertest.serialization.InstanceofRunOnGpu",33,1,2,2,3,3,2,3
Public Class,"org.trifort.rootbeer.testcases.rootbeertest.serialization.InstanceofTest",0,1,2,2,2,2,0,2
Public Class,"org.trifort.rootbeer.testcases.rootbeertest.serialization.IntArrays",0,1,2,2,2,2,0,2
Public Class,"org.trifort.rootbeer.testcases.rootbeertest.serialization.IntArraysRunOnGpu",62,1,2,0,4,4,2,4
Public Class,"org.trifort.rootbeer.testcases.rootbeertest.serialization.Item",0,1,1,0,2,2,1,2
Public Class,"org.trifort.rootbeer.testcases.rootbeertest.serialization.LinkedHashMapRunOnGpu",0,1,2,0,2,2,1,2
Public Class,"org.trifort.rootbeer.testcases.rootbeertest.serialization.LinkedHashMapTest",0,1,2,2,2,2,0,2
Public Class,"org.trifort.rootbeer.testcases.rootbeertest.serialization.LinkedHashSetRunOnGpu",0,1,2,0,2,2,1,2
Public Class,"org.trifort.rootbeer.testcases.rootbeertest.serialization.LinkedHashSetTest",0,1,2,2,2,2,0,2
Public Class,"org.trifort.rootbeer.testcases.rootbeertest.serialization.LinkedListRunOnGpu",0,1,2,0,3,3,1,3
Public Class,"org.trifort.rootbeer.testcases.rootbeertest.serialization.LinkedListTest",0,1,2,2,2,2,0,2
Public Class,"org.trifort.rootbeer.testcases.rootbeertest.serialization.LongArrays",0,1,2,2,2,2,0,2
Public Class,"org.trifort.rootbeer.testcases.rootbeertest.serialization.LongArraysRunOnGpu",0,1,2,0,3,3,4,3
Public Class,"org.trifort.rootbeer.testcases.rootbeertest.serialization.MMult",0,1,2,2,2,2,0,2
Public Class,"org.trifort.rootbeer.testcases.rootbeertest.serialization.MMultRunOnGpu",13,1,2,0,3,3,5,3
Public Class,"org.trifort.rootbeer.testcases.rootbeertest.serialization.NativeStrictMathRunOnGpu",61,1,2,0,5,5,20,5
Public Class,"org.trifort.rootbeer.testcases.rootbeertest.serialization.NativeStrictMathTest",0,1,2,2,2,2,0,2
Public Class,"org.trifort.rootbeer.testcases.rootbeertest.serialization.OuterClass3RunOnGpu",0,1,2,1,3,3,1,3
Private Class,"org.trifort.rootbeer.testcases.rootbeertest.serialization.OuterClass3RunOnGpu.InnerClass",0,1,1,0,2,2,1,2
Public Class,"org.trifort.rootbeer.testcases.rootbeertest.serialization.OuterClassRunOnGpu",0,1,2,0,3,3,1,3
Public Class,"org.trifort.rootbeer.testcases.rootbeertest.serialization.OuterClassRunOnGpu.OuterClassRunOnGpu2",0,1,2,0,3,3,1,3
Public Class,"org.trifort.rootbeer.testcases.rootbeertest.serialization.OuterClassTest",0,1,2,2,2,2,0,2
Public Class,"org.trifort.rootbeer.testcases.rootbeertest.serialization.OuterClassTest2",0,1,2,3,2,2,0,2
Public Class,"org.trifort.rootbeer.testcases.rootbeertest.serialization.OuterClassTest3",0,1,2,2,2,2,0,2
Public Class,"org.trifort.rootbeer.testcases.rootbeertest.serialization.PairHMM",0,1,1,0,1,1,0,1
Public Class,"org.trifort.rootbeer.testcases.rootbeertest.serialization.PairHmmJimpleRunOnGpu",50,1,2,2,4,4,2,4
Public Class,"org.trifort.rootbeer.testcases.rootbeertest.serialization.PairHmmJimpleTest",0,1,2,2,2,2,0,2
Public Class,"org.trifort.rootbeer.testcases.rootbeertest.serialization.PairHmmQualityUtils",0,1,1,0,0,0,0,0
Public Class,"org.trifort.rootbeer.testcases.rootbeertest.serialization.RefType1",0,1,1,0,4,4,7,4
Public Class,"org.trifort.rootbeer.testcases.rootbeertest.serialization.RefTypeArrays",0,1,2,2,2,2,0,2
Public Class,"org.trifort.rootbeer.testcases.rootbeertest.serialization.RefTypeArraysRunOnGpu",0,1,2,1,3,3,4,3
Public Class,"org.trifort.rootbeer.testcases.rootbeertest.serialization.RegularExpressionRunOnGpu",33,1,2,0,3,3,5,3
Public Class,"org.trifort.rootbeer.testcases.rootbeertest.serialization.RegularExpressionTest",0,1,2,2,2,2,0,2
Public Class,"org.trifort.rootbeer.testcases.rootbeertest.serialization.SameClassUsedClass",33,1,1,0,3,3,2,3
Public Class,"org.trifort.rootbeer.testcases.rootbeertest.serialization.SameClassUsedTwiceRunOnGpu1",0,1,2,1,3,3,1,3
Public Class,"org.trifort.rootbeer.testcases.rootbeertest.serialization.SameClassUsedTwiceRunOnGpu2",0,1,2,1,3,3,1,3
Public Class,"org.trifort.rootbeer.testcases.rootbeertest.serialization.SameClassUsedTwiceTest1",0,1,2,2,2,2,0,2
Public Class,"org.trifort.rootbeer.testcases.rootbeertest.serialization.SameClassUsedTwiceTest2",0,1,2,2,2,2,0,2
Public Class,"org.trifort.rootbeer.testcases.rootbeertest.serialization.ShortArrays",0,1,2,2,2,2,0,2
Public Class,"org.trifort.rootbeer.testcases.rootbeertest.serialization.ShortArraysRunOnGpu",0,1,2,0,3,3,4,3
Public Class,"org.trifort.rootbeer.testcases.rootbeertest.serialization.SimpleTest",0,1,2,2,3,3,0,3
Public Class,"org.trifort.rootbeer.testcases.rootbeertest.serialization.SimpleTestRunOnGpu",0,1,2,0,3,3,1,3
Public Class,"org.trifort.rootbeer.testcases.rootbeertest.serialization.StrictMath",97,1,1,0,51,1,0,51
Public Class,"org.trifort.rootbeer.testcases.rootbeertest.serialization.StrictMathRunOnGpu",33,1,2,1,3,3,5,3
Public Class,"org.trifort.rootbeer.testcases.rootbeertest.serialization.StrictMathTest",0,1,2,2,2,2,0,2
Public Class,"org.trifort.rootbeer.testcases.rootbeertest.serialization.StringArrayTest1",0,1,2,2,2,2,0,2
Public Class,"org.trifort.rootbeer.testcases.rootbeertest.serialization.StringArrayTest1RunOnGpu",22,1,2,0,3,3,3,3
Public Class,"org.trifort.rootbeer.testcases.rootbeertest.serialization.StringBuilderRunOnGpu1",0,1,2,0,3,3,1,3
Public Class,"org.trifort.rootbeer.testcases.rootbeertest.serialization.StringBuilderRunOnGpu2",0,1,2,0,2,2,1,2
Public Class,"org.trifort.rootbeer.testcases.rootbeertest.serialization.StringBuilderTest1",0,1,2,2,2,2,0,2
Public Class,"org.trifort.rootbeer.testcases.rootbeertest.serialization.StringBuilderTest2",0,1,2,2,2,2,0,2
Public Class,"org.trifort.rootbeer.testcases.rootbeertest.serialization.StringConstantKernel",0,1,2,0,2,2,1,2
Public Class,"org.trifort.rootbeer.testcases.rootbeertest.serialization.StringConstantTest",0,1,2,2,2,2,0,2
Public Class,"org.trifort.rootbeer.testcases.rootbeertest.serialization.StringRunOnGpu",33,1,2,0,3,3,2,3
Public Class,"org.trifort.rootbeer.testcases.rootbeertest.serialization.StringTest",0,1,2,2,2,2,0,2
Public Class,"org.trifort.rootbeer.testcases.rootbeertest.serialization.TreeMapRunOnGpu",0,1,2,0,2,2,1,2
Public Class,"org.trifort.rootbeer.testcases.rootbeertest.serialization.TreeMapTest",0,1,2,2,2,2,0,2
Public Class,"org.trifort.rootbeer.testcases.rootbeertest.serialization.TreeSetRunOnGpu",0,1,2,0,2,2,1,2
Public Class,"org.trifort.rootbeer.testcases.rootbeertest.serialization.TreeSetTest",0,1,2,2,2,2,0,2
Public Class,"org.trifort.rootbeer.testcases.rootbeertest.serialization.ZeroLengthArrayRunOnGpu",0,1,2,0,2,2,1,2
Public Class,"org.trifort.rootbeer.testcases.rootbeertest.serialization.ZeroLengthArrayTest",0,1,2,2,2,2,0,2
Package,"org.trifort.rootbeer.util",,,,,,57,22,62
Public Class,"org.trifort.rootbeer.util.CmdRunner",53,1,1,1,5,5,3,5
Private Class,"org.trifort.rootbeer.util.CmdRunner.StreamEater",25,1,2,0,3,3,4,3
Public Class,"org.trifort.rootbeer.util.CompilerRunner",0,1,1,1,1,1,0,1
Private Class,"org.trifort.rootbeer.util.CompilerRunner.StreamReader",41,1,2,0,4,4,3,4
Public Class,"org.trifort.rootbeer.util.CudaPath",60,1,1,1,5,5,2,5
Private Class,"org.trifort.rootbeer.util.CudaPath.FileSorter",0,1,2,0,3,3,1,3
Public Class,"org.trifort.rootbeer.util.CurrJarName",0,1,1,0,1,1,0,1
Public Class,"org.trifort.rootbeer.util.DeleteFolder",0,1,1,0,1,1,0,1
Public Class,"org.trifort.rootbeer.util.ForceGC",0,1,1,0,1,0,0,1
Public Class,"org.trifort.rootbeer.util.IntStack",11,1,1,0,3,3,3,3
Public Class,"org.trifort.rootbeer.util.JarEntryHelp",0,1,1,0,1,0,0,1
Public Class,"org.trifort.rootbeer.util.JarToFolder",50,1,1,2,6,6,1,6
Public Class,"org.trifort.rootbeer.util.JimpleWriter",0,1,1,0,1,1,0,1
Public Class,"org.trifort.rootbeer.util.ReadFile",0,1,1,0,2,2,1,2
Public Class,"org.trifort.rootbeer.util.ReadJar",16,1,1,3,6,6,1,6
Public Class,"org.trifort.rootbeer.util.ResourceReader",0,1,1,1,3,0,0,3
Public Generic Class,"org.trifort.rootbeer.util.Stack",0,1,1,0,5,5,1,5
TypeVariable,"org.trifort.rootbeer.util.Stack.T",0,0,1,0,0,0,0,0
Public Interface,"org.trifort.rootbeer.util.StringDelegate",0,0,0,0,1,1,0,1
Public Class,"org.trifort.rootbeer.util.SystemOutHandler",0,2,1,0,3,3,0,3
Public Class,"org.trifort.rootbeer.util.WindowsCompile",71,1,1,2,7,7,2,7
Package,"rootbeer.examples.arraymult",,,,,,3,2,4
Public Class,"rootbeer.examples.arraymult.ArrayMult",0,1,2,0,2,2,2,2
Public Class,"rootbeer.examples.arraymult.ArrayMultApp",0,1,1,3,2,1,0,2
Package,"rootbeer.examples.arraysum",,,,,,3,3,4
Public Class,"rootbeer.examples.arraysum.ArraySum",0,1,2,0,2,2,3,2
Public Class,"rootbeer.examples.arraysum.ArraySumApp",0,1,1,1,2,1,0,2
Package,"rootbeer.examples.gtc2013",,,,,,36,98,39
Public Class,"rootbeer.examples.gtc2013.CalcList",0,1,1,1,3,3,2,3
Public Class,"rootbeer.examples.gtc2013.Calculation",0,1,1,0,0,0,10,0
Public Class,"rootbeer.examples.gtc2013.Calculation",0,1,1,0,1,1,18,1
Public Class,"rootbeer.examples.gtc2013.MatrixApp",77,1,1,4,11,10,13,11
Public Class,"rootbeer.examples.gtc2013.MatrixApp",72,1,1,2,10,9,9,10
Public Class,"rootbeer.examples.gtc2013.MatrixCpuThread",33,1,2,0,3,3,9,3
Public Class,"rootbeer.examples.gtc2013.MatrixCpuThread",33,1,2,0,3,3,8,3
Public Class,"rootbeer.examples.gtc2013.MatrixKernel",7,1,2,1,2,2,7,2
Public Class,"rootbeer.examples.gtc2013.MatrixKernel",61,1,2,1,2,2,18,2
Public Class,"rootbeer.examples.gtc2013.ThreadConfigApp",0,1,1,1,2,1,0,2
Public Class,"rootbeer.examples.gtc2013.ThreadConfigKernel",0,1,2,0,2,2,4,2
Package,"rootbeer.examples.mmult",,,,,,4,5,5
Public Class,"rootbeer.examples.mmult.MMult",0,1,2,0,2,2,5,2
Public Class,"rootbeer.examples.mmult.MMultApp",0,1,1,1,3,2,0,3
Package,"rootbeer.examples.quicksort",,,,,,10,5,11
Public Class,"rootbeer.examples.quicksort.QuickSort",0,1,1,1,8,7,0,8
Public Class,"rootbeer.examples.quicksort.QuickSortKernel",26,1,2,0,3,3,5,3
Package,"rootbeer.examples.randomremap",,,,,,4,2,5
Public Class,"rootbeer.examples.randomremap.RandomRemap",33,1,2,0,3,3,2,3
Public Class,"rootbeer.examples.randomremap.RandomRemapApp",0,1,1,1,2,1,0,2
