"Kind","Name","PercentLackOfCohesion","MaxInheritanceTree","CountClassBase","CountClassCoupled","CountClassDerived","CountDeclMethodAll","CountDeclInstanceMethod","CountDeclInstanceVariable","CountDeclMethod"
"Public Class","Start",0,1,1,0,0,4,0,0,4
"Public Abstract Class","cpw.mods.fml.client.CustomModLoadingErrorDisplayException",0,2,2,0,0,2,2,0,2
"Public Class","cpw.mods.fml.client.FMLClientHandler",90,1,2,33,0,35,34,14,35
"Public Class","cpw.mods.fml.client.FMLFileResourcePack",0,2,1,3,0,4,4,1,4
"Public Class","cpw.mods.fml.client.FMLFolderResourcePack",0,2,1,3,0,4,4,1,4
"Public Class","cpw.mods.fml.client.GuiCustomModLoadingErrorScreen",0,2,1,1,0,3,3,1,3
"Public Class","cpw.mods.fml.client.GuiDupesFound",33,2,1,1,0,3,3,1,3
"Public Class","cpw.mods.fml.client.GuiIdMismatchScreen",33,2,1,2,0,3,3,3,3
"Public Class","cpw.mods.fml.client.GuiModList",75,2,1,6,0,9,9,6,9
"Public Class","cpw.mods.fml.client.GuiModsMissing",33,2,1,4,0,3,3,1,3
"Public Class","cpw.mods.fml.client.GuiModsMissingForServer",50,2,1,3,0,4,4,1,4
"Public Abstract Class","cpw.mods.fml.client.GuiScrollingList",86,1,1,0,1,18,18,20,18
"Public Class","cpw.mods.fml.client.GuiSlotModList",42,2,1,5,0,25,7,2,7
"Public Class","cpw.mods.fml.client.GuiSortingProblem",50,2,1,3,0,3,3,2,3
"Public Class","cpw.mods.fml.client.GuiWrongMinecraft",33,2,1,4,0,3,3,1,3
"Public Class","cpw.mods.fml.client.TextureFXManager",75,1,1,1,0,6,5,3,6
"Private Class","cpw.mods.fml.client.TextureFXManager.TextureHolder",0,1,1,0,0,0,0,4,0
"Public Class","cpw.mods.fml.client.modloader.ModLoaderBlockRendererHandler",53,1,2,1,0,5,5,3,5
"Public Class","cpw.mods.fml.client.modloader.ModLoaderClientHelper",73,1,2,12,0,10,7,2,10
"Class","cpw.mods.fml.client.modloader.ModLoaderClientHelper.ModLoaderClientHelper.(Anon_1)",0,1,2,1,0,1,1,0,1
"Public Class","cpw.mods.fml.client.modloader.ModLoaderKeyBindingHandler",67,2,1,3,0,17,8,5,8
"Public Class","cpw.mods.fml.client.registry.ClientRegistry",0,1,1,1,0,2,0,0,2
"Public Class","cpw.mods.fml.client.registry.KeyBindingRegistry",50,1,1,3,0,3,1,1,3
"Public Static Abstract Class","cpw.mods.fml.client.registry.KeyBindingRegistry.KeyHandler",75,1,2,0,1,9,9,4,9
"Public Class","cpw.mods.fml.client.registry.RenderingRegistry",82,1,1,2,0,13,4,3,13
"Private Static Class","cpw.mods.fml.client.registry.RenderingRegistry.EntityRendererInfo",0,1,1,0,0,1,1,2,1
"Public Class","cpw.mods.fml.common.CertificateHelper",66,1,1,0,0,3,0,0,3
"Public Class","cpw.mods.fml.common.DummyModContainer",87,1,2,8,4,27,27,3,27
"Public Class","cpw.mods.fml.common.DuplicateModsFoundException",0,3,1,0,0,3,1,1,1
"Public Class","cpw.mods.fml.common.FMLCommonHandler",92,1,1,17,0,48,47,8,48
"Public Class","cpw.mods.fml.common.FMLDummyContainer",0,2,2,8,0,34,7,0,7
"Public Class","cpw.mods.fml.common.FMLLog",50,1,1,1,0,12,0,0,12
"Public Class","cpw.mods.fml.common.FMLModContainer",92,1,2,50,0,32,32,23,32
"Class","cpw.mods.fml.common.FMLModContainer.processFieldAnnotations.(Anon_1)",0,1,2,1,0,1,1,0,1
"Class","cpw.mods.fml.common.FMLModContainer.processFieldAnnotations.(Anon_2)",0,1,2,1,0,1,1,0,1
"Public Static Class","cpw.mods.fml.common.ILanguageAdapter.JavaAdapter",0,1,2,3,0,4,4,0,4
"Public Static Class","cpw.mods.fml.common.ILanguageAdapter.ScalaAdapter",0,1,2,6,0,4,4,0,4
"Public Class","cpw.mods.fml.common.InjectedModContainer",50,1,2,6,0,26,26,2,26
"Public Class","cpw.mods.fml.common.LoadController",81,1,1,14,0,17,17,10,17
"Public Class","cpw.mods.fml.common.Loader",91,1,1,33,0,36,33,12,36
"Private Class","cpw.mods.fml.common.Loader.ModIdComparator",0,1,2,1,0,1,1,0,1
"Class","cpw.mods.fml.common.Loader.disableRequestedMods.(Anon_1)",0,1,2,0,0,1,1,0,1
"Class","cpw.mods.fml.common.Loader.getCallableCrashInformation.(Anon_2)",0,1,2,1,0,2,2,0,2
"Public Class","cpw.mods.fml.common.LoaderException",100,2,1,0,1,2,2,0,2
"Public Class","cpw.mods.fml.common.MCPDummyContainer",0,2,1,2,0,29,2,0,2
"Public Class","cpw.mods.fml.common.MetadataCollection",73,1,1,2,0,5,2,2,5
"Public Class","cpw.mods.fml.common.MinecraftDummyContainer",0,2,1,3,0,29,2,1,2
"Public Class","cpw.mods.fml.common.MissingModsException",0,2,1,0,0,1,1,1,1
"Public Class","cpw.mods.fml.common.ModClassLoader",50,2,1,5,0,7,7,1,7
"Public Class","cpw.mods.fml.common.ModContainerFactory",50,1,1,8,0,2,1,0,2
"Public Class","cpw.mods.fml.common.ModMetadata",86,1,1,6,0,7,7,18,7
"Private Static Class","cpw.mods.fml.common.ModMetadata.JsonArrayConverter",0,1,2,0,0,1,1,0,1
"Private Static Class","cpw.mods.fml.common.ModMetadata.JsonStringConverter",0,1,2,1,0,1,1,0,1
"Public Class","cpw.mods.fml.common.ObfuscationReflectionHelper",0,1,1,5,0,7,0,0,7
"Public Class","cpw.mods.fml.common.ProxyInjector",0,1,1,9,0,1,0,0,1
"Public Class","cpw.mods.fml.common.SingleIntervalHandler",16,1,2,0,0,6,6,1,6
"Public Class","cpw.mods.fml.common.WrongMinecraftVersionException",0,2,1,1,0,1,1,1,1
"Public Class","cpw.mods.fml.common.asm.ASMTransformer",0,1,2,1,0,1,1,0,1
"Public Class","cpw.mods.fml.common.asm.FMLSanityChecker",40,1,2,7,0,2,2,1,2
"Static Class","cpw.mods.fml.common.asm.FMLSanityChecker.MLDetectorClassVisitor",50,2,1,0,0,2,2,1,2
"Public Class","cpw.mods.fml.common.asm.transformers.AccessTransformer",77,1,2,3,1,9,7,1,9
"Private Class","cpw.mods.fml.common.asm.transformers.AccessTransformer.Modifier",62,1,1,0,0,1,1,8,1
"Class","cpw.mods.fml.common.asm.transformers.AccessTransformer.readMapFile.(Anon_1)",0,1,2,2,0,2,2,0,2
"Public Class","cpw.mods.fml.common.asm.transformers.DeobfuscationTransformer",0,1,3,2,0,3,3,0,3
"Public Class","cpw.mods.fml.common.asm.transformers.MCPMerger",90,1,1,4,0,13,0,0,13
"Private Static Class","cpw.mods.fml.common.asm.transformers.MCPMerger.ClassInfo",50,1,1,0,0,2,2,5,2
"Private Static Class","cpw.mods.fml.common.asm.transformers.MCPMerger.MethodWrapper",33,1,1,1,0,4,4,3,4
"Public Class","cpw.mods.fml.common.asm.transformers.MarkerTransformer",83,1,2,0,0,6,4,1,6
"Class","cpw.mods.fml.common.asm.transformers.MarkerTransformer.readMapFile.(Anon_1)",0,1,2,1,0,2,2,0,2
"Public Class","cpw.mods.fml.common.asm.transformers.PatchingTransformer",0,1,2,1,0,1,1,0,1
"Public Class","cpw.mods.fml.common.asm.transformers.SideTransformer",50,1,2,2,0,2,2,0,2
"Public Class","cpw.mods.fml.common.asm.transformers.deobf.FMLDeobfuscatingRemapper",84,2,1,4,0,18,18,10,18
"Public Class","cpw.mods.fml.common.asm.transformers.deobf.FMLRemappingAdapter",0,2,1,1,0,2,2,0,2
"Public Class","cpw.mods.fml.common.asm.transformers.deobf.LZMAInputSupplier",0,1,2,0,0,2,2,1,2
"Public Class","cpw.mods.fml.common.discovery.ASMDataTable",50,1,1,4,0,4,4,3,4
"Public Static Class","cpw.mods.fml.common.discovery.ASMDataTable.ASMData",66,1,1,1,0,6,6,5,6
"Private Static Class","cpw.mods.fml.common.discovery.ASMDataTable.ModContainerPredicate",0,1,2,3,0,2,2,1,2
"Public Class","cpw.mods.fml.common.discovery.DirectoryDiscoverer",0,1,2,9,0,2,2,1,2
"Private Class","cpw.mods.fml.common.discovery.DirectoryDiscoverer.ClassFilter",0,1,2,1,0,1,1,0,1
"Public Class","cpw.mods.fml.common.discovery.JarDiscoverer",0,1,2,8,0,1,1,0,1
"Public Class","cpw.mods.fml.common.discovery.ModCandidate",83,1,1,4,0,13,13,8,13
"Public Class","cpw.mods.fml.common.discovery.ModDiscoverer",60,1,1,7,0,5,5,3,5
"Public Class","cpw.mods.fml.common.discovery.asm.ASMModParser",75,1,1,7,0,20,20,5,20
"Public Class","cpw.mods.fml.common.discovery.asm.ModAnnotation",77,1,1,2,0,12,12,8,12
"Public Class","cpw.mods.fml.common.discovery.asm.ModAnnotation.EnumHolder",0,1,1,0,0,1,1,2,1
"Public Class","cpw.mods.fml.common.discovery.asm.ModAnnotationVisitor",65,2,1,1,0,8,8,4,8
"Public Class","cpw.mods.fml.common.discovery.asm.ModClassVisitor",0,2,1,4,0,5,5,1,5
"Public Class","cpw.mods.fml.common.discovery.asm.ModFieldVisitor",0,2,1,2,0,2,2,2,2
"Public Class","cpw.mods.fml.common.discovery.asm.ModMethodVisitor",63,2,1,1,0,6,6,5,6
"Public Class","cpw.mods.fml.common.event.FMLConstructionEvent",50,3,1,3,0,9,4,2,4
"Public Class","cpw.mods.fml.common.event.FMLEvent",0,1,1,1,3,2,2,0,2
"Public Class","cpw.mods.fml.common.event.FMLFingerprintViolationEvent",0,2,1,0,0,3,1,4,1
"Public Class","cpw.mods.fml.common.event.FMLInitializationEvent",0,3,1,1,0,7,2,0,2
"Public Class","cpw.mods.fml.common.event.FMLInterModComms",83,1,1,5,0,9,0,0,9
"Public Static Class","cpw.mods.fml.common.event.FMLInterModComms.IMCEvent",0,2,1,3,0,4,2,2,2
"Public Static Class","cpw.mods.fml.common.event.FMLInterModComms.IMCMessage",72,1,1,1,0,11,11,3,11
"Public Class","cpw.mods.fml.common.event.FMLLoadCompleteEvent",0,3,1,1,0,7,2,0,2
"Public Class","cpw.mods.fml.common.event.FMLLoadEvent",0,1,1,0,0,0,0,0,0
"Public Class","cpw.mods.fml.common.event.FMLPostInitializationEvent",0,3,1,2,0,8,3,0,3
"Public Class","cpw.mods.fml.common.event.FMLPreInitializationEvent",78,3,1,6,0,16,11,6,11
"Public Class","cpw.mods.fml.common.event.FMLServerAboutToStartEvent",33,3,1,1,0,8,3,1,3
"Public Class","cpw.mods.fml.common.event.FMLServerStartedEvent",0,3,1,1,0,7,2,0,2
"Public Class","cpw.mods.fml.common.event.FMLServerStartingEvent",50,3,1,1,0,9,4,1,4
"Public Class","cpw.mods.fml.common.event.FMLServerStoppedEvent",0,3,1,1,0,7,2,0,2
"Public Class","cpw.mods.fml.common.event.FMLServerStoppingEvent",0,3,1,1,0,7,2,0,2
"Public Abstract Class","cpw.mods.fml.common.event.FMLStateEvent",0,2,1,3,10,5,3,0,3
"Public Class","cpw.mods.fml.common.functions.ArtifactVersionNameFunction",0,1,2,1,0,1,1,0,1
"Public Class","cpw.mods.fml.common.functions.ModIdFunction",0,1,2,1,0,1,1,0,1
"Public Class","cpw.mods.fml.common.functions.ModNameFunction",0,1,2,1,0,1,1,0,1
"Public Class","cpw.mods.fml.common.launcher.FMLDeobfTweaker",0,1,2,2,0,4,4,0,4
"Public Class","cpw.mods.fml.common.launcher.FMLServerTweaker",0,2,1,1,0,9,2,0,2
"Public Class","cpw.mods.fml.common.launcher.FMLTweaker",77,1,2,1,1,7,6,6,7
"Public Class","cpw.mods.fml.common.modloader.BaseModTicker",61,1,2,4,0,9,9,4,9
"Public Class","cpw.mods.fml.common.modloader.ModLoaderChatListener",0,1,2,1,0,3,3,1,3
"Public Class","cpw.mods.fml.common.modloader.ModLoaderConnectionHandler",14,1,2,4,0,7,7,1,7
"Public Class","cpw.mods.fml.common.modloader.ModLoaderCraftingHelper",0,1,2,1,0,3,3,1,3
"Public Class","cpw.mods.fml.common.modloader.ModLoaderEntitySpawnCallback",33,1,2,5,0,2,2,3,2
"Public Class","cpw.mods.fml.common.modloader.ModLoaderFuelHelper",0,1,2,1,0,2,2,1,2
"Public Class","cpw.mods.fml.common.modloader.ModLoaderGuiHelper",66,1,2,2,0,6,6,4,6
"Public Class","cpw.mods.fml.common.modloader.ModLoaderHelper",90,1,1,31,0,16,0,0,16
"Public Class","cpw.mods.fml.common.modloader.ModLoaderModContainer",92,1,2,36,0,39,38,19,39
"Public Class","cpw.mods.fml.common.modloader.ModLoaderNetworkHandler",66,2,1,2,0,26,6,1,6
"Public Class","cpw.mods.fml.common.modloader.ModLoaderPacketHandler",0,1,2,4,0,2,2,1,2
"Public Class","cpw.mods.fml.common.modloader.ModLoaderPickupNotifier",0,1,2,1,0,2,2,1,2
"Public Class","cpw.mods.fml.common.modloader.ModLoaderVillageTradeHandler",0,1,2,2,0,2,2,1,2
"Public Class","cpw.mods.fml.common.modloader.ModLoaderWorldGenerator",0,1,2,1,0,2,2,1,2
"Public Class","cpw.mods.fml.common.modloader.ModProperty",71,1,1,0,0,7,7,5,7
"Public Class","cpw.mods.fml.common.network.EntitySpawnAdjustmentPacket",75,2,1,2,0,11,4,4,4
"Public Class","cpw.mods.fml.common.network.EntitySpawnPacket",72,2,1,9,0,11,4,18,4
"Public Class","cpw.mods.fml.common.network.FMLNetworkException",0,2,1,0,0,2,2,0,2
"Public Class","cpw.mods.fml.common.network.FMLNetworkHandler",92,1,1,15,0,29,10,3,29
"Public Abstract Class","cpw.mods.fml.common.network.FMLPacket",85,1,1,2,8,7,4,1,7
"Public Class","cpw.mods.fml.common.network.ModIdMapPacket",50,2,1,6,0,11,4,1,4
"Public Class","cpw.mods.fml.common.network.ModIdentifiersPacket",50,2,1,4,0,11,4,1,4
"Public Class","cpw.mods.fml.common.network.ModListRequestPacket",50,2,1,9,0,11,4,2,4
"Public Class","cpw.mods.fml.common.network.ModListResponsePacket",50,2,1,8,0,11,4,2,4
"Public Class","cpw.mods.fml.common.network.ModMissingPacket",60,2,1,9,0,12,5,2,5
"Private Static Class","cpw.mods.fml.common.network.ModMissingPacket.ModData",0,1,1,0,0,0,0,2,0
"Public Class","cpw.mods.fml.common.network.NetworkModHandler",88,1,1,17,2,20,20,7,20
"Public Class","cpw.mods.fml.common.network.NetworkRegistry",88,1,1,15,0,26,25,8,26
"Public Class","cpw.mods.fml.common.network.OpenGuiPacket",50,2,1,1,0,11,4,6,4
"Public Class","cpw.mods.fml.common.network.PacketDispatcher",0,1,1,6,0,7,0,0,7
"Public Class","cpw.mods.fml.common.patcher.ClassPatch",8,1,1,0,0,2,2,6,2
"Public Class","cpw.mods.fml.common.patcher.ClassPatchManager",70,1,1,4,0,5,5,4,5
"Public Class","cpw.mods.fml.common.patcher.GenDiffSet",0,1,1,2,0,1,0,0,1
"Class","cpw.mods.fml.common.registry.BlockTracker",66,1,1,0,0,6,3,1,6
"Public Class","cpw.mods.fml.common.registry.EntityRegistry",87,1,1,6,0,16,6,4,16
"Public Class","cpw.mods.fml.common.registry.EntityRegistry.EntityRegistration",82,1,1,2,0,12,12,9,12
"Public Class","cpw.mods.fml.common.registry.GameData",81,1,1,6,0,17,0,0,17
"Class","cpw.mods.fml.common.registry.GameData.buildModObjectTable.(Anon_2)",0,1,2,1,0,1,1,0,1
"Class","cpw.mods.fml.common.registry.GameData.validateWorldSave.(Anon_1)",0,1,2,1,0,1,1,0,1
"Public Class","cpw.mods.fml.common.registry.GameRegistry",93,1,1,16,0,38,0,0,38
"Public Static Class","cpw.mods.fml.common.registry.GameRegistry.UniqueIdentifier",0,1,1,0,0,1,1,2,1
"Public Class","cpw.mods.fml.common.registry.ItemData",58,1,1,4,0,13,13,6,13
"Public Class","cpw.mods.fml.common.registry.LanguageRegistry",80,1,1,4,0,13,10,1,13
"Public Class","cpw.mods.fml.common.registry.TickRegistry",80,1,1,5,0,5,0,0,5
"Public Static Class","cpw.mods.fml.common.registry.TickRegistry.TickQueueElement",37,1,2,1,0,4,4,2,4
"Public Class","cpw.mods.fml.common.registry.VillagerRegistry",83,1,1,5,0,13,4,4,13
"Public Class","cpw.mods.fml.common.toposort.ModSorter",33,1,1,6,0,3,3,5,3
"Public Class","cpw.mods.fml.common.toposort.ModSortingException",0,2,1,1,0,2,2,1,2
"Public Generic Class","cpw.mods.fml.common.toposort.ModSortingException.SortingExceptionData",33,1,1,0,0,3,3,2,3
"Public Class","cpw.mods.fml.common.toposort.TopologicalSort",0,1,1,3,0,3,0,0,3
"Public Static Generic Class","cpw.mods.fml.common.toposort.TopologicalSort.DirectedGraph",44,1,2,0,0,9,9,2,9
"Class","cpw.mods.fml.common.toposort.TopologicalSort.DirectedGraph.addNode.(Anon_1)",0,1,2,1,0,1,1,0,1
"Public Class","cpw.mods.fml.common.versioning.ComparableVersion",66,1,2,4,0,7,6,3,7
"Private Static Class","cpw.mods.fml.common.versioning.ComparableVersion.IntegerItem",55,1,2,0,0,6,6,1,6
"Private Static Class","cpw.mods.fml.common.versioning.ComparableVersion.ListItem",0,2,2,0,0,5,5,0,5
"Private Static Class","cpw.mods.fml.common.versioning.ComparableVersion.StringItem",73,1,2,0,0,6,5,1,6
"Public Class","cpw.mods.fml.common.versioning.DefaultArtifactVersion",60,1,2,2,0,12,12,4,12
"Public Class","cpw.mods.fml.common.versioning.InvalidVersionSpecificationException",0,2,1,0,0,1,1,0,1
"Public Class","cpw.mods.fml.common.versioning.Restriction",55,1,1,1,0,9,9,4,9
"Public Class","cpw.mods.fml.common.versioning.VersionParser",66,1,1,6,0,3,0,0,3
"Public Class","cpw.mods.fml.common.versioning.VersionRange",44,1,1,4,0,17,14,2,17
"Public Class","cpw.mods.fml.relauncher.CoreModManager",76,1,1,13,0,9,0,0,9
"Private Static Class","cpw.mods.fml.relauncher.CoreModManager.FMLPluginWrapper",25,1,1,1,0,2,2,4,2
"Class","cpw.mods.fml.relauncher.CoreModManager.discoverCoreMods.(Anon_1)",0,1,2,0,0,1,1,0,1
"Public Class","cpw.mods.fml.relauncher.FMLCorePlugin",0,1,2,0,0,5,5,0,5
"Public Class","cpw.mods.fml.relauncher.FMLInjectionData",37,1,1,1,0,3,0,0,3
"Public Class","cpw.mods.fml.relauncher.FMLLaunchHandler",76,1,1,5,0,10,5,3,10
"Class","cpw.mods.fml.relauncher.FMLLogFormatter",0,2,1,0,0,1,1,1,1
"Public Class","cpw.mods.fml.relauncher.FMLRelaunchLog",84,1,1,4,0,16,2,1,16
"Private Static Class","cpw.mods.fml.relauncher.FMLRelaunchLog.ConsoleLogThread",0,1,2,1,0,1,1,0,1
"Private Static Class","cpw.mods.fml.relauncher.FMLRelaunchLog.ConsoleLogWrapper",0,2,1,2,0,3,3,0,3
"Private Static Class","cpw.mods.fml.relauncher.FMLRelaunchLog.LoggingOutStream",0,2,1,2,0,2,2,2,2
"Class","cpw.mods.fml.relauncher.FMLRelaunchLog.configureLogging.(Anon_1)",0,1,2,0,0,1,1,0,1
"Public Class","cpw.mods.fml.relauncher.ReflectionHelper",0,1,1,5,0,7,0,0,7
"Public Static Class","cpw.mods.fml.relauncher.ReflectionHelper.UnableToAccessFieldException",0,2,1,0,0,1,1,1,1
"Public Static Class","cpw.mods.fml.relauncher.ReflectionHelper.UnableToFindClassException",0,2,1,0,0,1,1,1,1
"Public Static Class","cpw.mods.fml.relauncher.ReflectionHelper.UnableToFindFieldException",0,2,1,0,0,1,1,1,1
"Public Static Class","cpw.mods.fml.relauncher.ReflectionHelper.UnableToFindMethodException",0,2,1,0,0,1,1,1,1
"Public Class","cpw.mods.fml.relauncher.ServerLaunchWrapper",0,1,1,0,0,3,2,0,3
"Public Class","cpw.mods.fml.repackage.com.nothome.delta.ByteBufferSeekableSource",33,1,2,0,0,6,6,2,6
"Public Class","cpw.mods.fml.repackage.com.nothome.delta.Checksum",71,1,1,1,0,7,3,1,7
"Public Class","cpw.mods.fml.repackage.com.nothome.delta.DebugDiffWriter",50,1,2,0,0,6,6,1,6
"Public Class","cpw.mods.fml.repackage.com.nothome.delta.Delta",80,1,1,9,0,10,9,4,10
"Class","cpw.mods.fml.repackage.com.nothome.delta.Delta.SourceState",16,1,1,3,0,3,3,2,3
"Class","cpw.mods.fml.repackage.com.nothome.delta.Delta.TargetState",69,1,1,4,0,13,13,6,13
"Public Class","cpw.mods.fml.repackage.com.nothome.delta.GDiffPatcher",87,1,1,5,0,8,7,2,8
"Public Class","cpw.mods.fml.repackage.com.nothome.delta.GDiffWriter",80,1,2,0,0,7,7,3,7
"Public Class","cpw.mods.fml.repackage.com.nothome.delta.PatchException",100,2,1,0,0,2,2,0,2
"Public Class","cpw.mods.fml.repackage.com.nothome.delta.RandomAccessFileSeekableSource",0,1,2,0,0,6,6,1,6
"Public Class","cpw.mods.fml.server.FMLServerHandler",93,1,2,11,0,24,23,1,24
"Public Class","ibxm.Channel",91,1,1,6,0,39,39,41,39
"Public Class","ibxm.Envelope",67,1,1,1,0,8,8,7,8
"Public Class","ibxm.FastTracker2",0,1,1,6,0,8,0,0,8
"Public Class","ibxm.IBXM",83,1,1,3,0,15,15,19,15
"Public Class","ibxm.Instrument",90,1,1,2,0,11,11,12,11
"Public Class","ibxm.LogTable",73,1,1,1,0,3,0,0,3
"Public Class","ibxm.Module",91,1,1,3,0,17,17,15,17
"Public Class","ibxm.Pattern",56,1,1,0,0,4,4,4,4
"Public Class","ibxm.Player",84,1,1,6,0,7,5,9,7
"Private Class","ibxm.Player.Driver",0,1,2,2,0,1,1,0,1
"Public Class","ibxm.ProTracker",0,1,1,6,0,9,0,0,9
"Public Class","ibxm.Sample",73,1,1,1,0,6,6,8,6
"Public Class","ibxm.ScreamTracker3",94,1,1,6,0,17,0,0,17
"Public Abstract Class","net.minecraft.src.BaseMod",0,1,2,4,0,35,35,0,35
"Public Class","net.minecraft.src.EntityRendererProxy",75,2,1,0,0,2,2,1,2
"Public Class","net.minecraft.src.FMLRenderAccessLibrary",0,1,1,2,0,6,0,0,6
"Public Class","net.minecraft.src.ModLoader",100,1,1,20,0,76,0,0,76
"Public Class","net.minecraft.src.TradeEntry",50,1,1,0,0,2,2,5,2
"Public Class","net.minecraftforge.classloading.FMLForgePlugin",80,1,2,0,0,5,5,0,5
"Public Class","net.minecraftforge.client.ClientCommandHandler",87,2,1,4,0,4,4,1,4
"Public Class","net.minecraftforge.client.EnumHelperClient",80,2,1,0,0,27,0,0,5
"Public Class","net.minecraftforge.client.ForgeHooksClient",95,1,1,19,0,20,0,0,20
"Public Class","net.minecraftforge.client.GuiControlsScrollPanel",70,2,1,0,0,8,8,7,8
"Public Class","net.minecraftforge.client.GuiIngameForge",93,2,1,10,0,24,24,3,24
"Public Abstract Class","net.minecraftforge.client.IRenderHandler",0,1,1,2,0,1,1,0,1
"Public Class","net.minecraftforge.client.MinecraftForgeClient",66,1,1,3,0,6,0,0,6
"Public Class","net.minecraftforge.client.event.ClientChatReceivedEvent",0,2,1,0,0,11,1,1,1
"Public Class","net.minecraftforge.client.event.DrawBlockHighlightEvent",0,2,1,0,0,11,1,6,1
"Public Class","net.minecraftforge.client.event.FOVUpdateEvent",0,2,1,0,0,11,1,3,1
"Public Class","net.minecraftforge.client.event.GuiOpenEvent",0,2,1,0,0,11,1,1,1
"Public Class","net.minecraftforge.client.event.MouseEvent",0,2,1,0,0,11,1,8,1
"Public Class","net.minecraftforge.client.event.RenderGameOverlayEvent",0,2,1,1,2,12,2,5,2
"Public Static Class","net.minecraftforge.client.event.RenderGameOverlayEvent.Chat",0,4,1,1,0,14,1,2,1
"Public Static Class","net.minecraftforge.client.event.RenderGameOverlayEvent.Post",0,3,1,1,0,14,2,0,2
"Public Static Class","net.minecraftforge.client.event.RenderGameOverlayEvent.Pre",0,3,1,1,2,13,1,0,1
"Public Static Class","net.minecraftforge.client.event.RenderGameOverlayEvent.Text",0,4,1,1,0,14,1,2,1
"Public Abstract Class","net.minecraftforge.client.event.RenderLivingEvent",0,2,1,1,3,11,1,2,1
"Public Static Class","net.minecraftforge.client.event.RenderLivingEvent.Post",0,3,1,0,0,12,1,0,1
"Public Static Class","net.minecraftforge.client.event.RenderLivingEvent.Pre",0,3,1,0,0,12,1,0,1
"Public Static Abstract Class","net.minecraftforge.client.event.RenderLivingEvent.Specials",0,3,1,1,2,12,1,0,1
"Public Static Class","net.minecraftforge.client.event.RenderLivingEvent.Specials.Post",0,4,1,0,0,13,1,0,1
"Public Static Class","net.minecraftforge.client.event.RenderLivingEvent.Specials.Pre",0,4,1,0,0,13,1,0,1
"Public Abstract Class","net.minecraftforge.client.event.RenderPlayerEvent",0,5,1,1,4,14,1,2,1
"Public Static Class","net.minecraftforge.client.event.RenderPlayerEvent.Post",0,6,1,0,0,15,1,0,1
"Public Static Class","net.minecraftforge.client.event.RenderPlayerEvent.Pre",0,6,1,0,0,15,1,0,1
"Public Static Class","net.minecraftforge.client.event.RenderPlayerEvent.SetArmorModel",25,6,1,0,0,15,1,4,1
"Public Static Abstract Class","net.minecraftforge.client.event.RenderPlayerEvent.Specials",0,6,1,1,2,15,1,1,1
"Public Static Class","net.minecraftforge.client.event.RenderPlayerEvent.Specials.Post",0,7,1,0,0,16,1,0,1
"Public Static Class","net.minecraftforge.client.event.RenderPlayerEvent.Specials.Pre",100,7,1,0,0,16,1,3,1
"Public Class","net.minecraftforge.client.event.RenderWorldLastEvent",0,2,1,0,0,11,1,2,1
"Public Class","net.minecraftforge.client.event.TextureStitchEvent",0,2,1,0,2,11,1,1,1
"Public Static Class","net.minecraftforge.client.event.TextureStitchEvent.Post",0,3,1,0,0,12,1,0,1
"Public Static Class","net.minecraftforge.client.event.TextureStitchEvent.Pre",0,3,1,0,0,12,1,0,1
"Public Class","net.minecraftforge.client.event.sound.PlayBackgroundMusicEvent",0,4,1,0,0,14,1,0,1
"Public Class","net.minecraftforge.client.event.sound.PlaySoundEffectEvent",0,4,1,0,0,14,1,0,1
"Public Class","net.minecraftforge.client.event.sound.PlaySoundEffectSourceEvent",0,3,1,0,0,13,1,2,1
"Public Class","net.minecraftforge.client.event.sound.PlaySoundEvent",0,4,1,0,0,14,1,3,1
"Public Class","net.minecraftforge.client.event.sound.PlaySoundSourceEvent",0,3,1,0,0,13,1,5,1
"Public Class","net.minecraftforge.client.event.sound.PlayStreamingEvent",0,4,1,0,0,14,1,3,1
"Public Class","net.minecraftforge.client.event.sound.PlayStreamingSourceEvent",0,3,1,0,0,13,1,5,1
"Public Class","net.minecraftforge.client.event.sound.SoundEvent",0,2,1,3,6,12,1,0,2
"Public Class","net.minecraftforge.client.event.sound.SoundLoadEvent",0,3,1,0,0,13,1,1,1
"Public Abstract Class","net.minecraftforge.client.event.sound.SoundResultEvent",0,3,1,0,4,13,1,6,1
"Public Class","net.minecraftforge.client.event.sound.SoundSetupEvent",0,3,1,0,0,13,1,1,1
"Public Class","net.minecraftforge.client.model.AdvancedModelLoader",0,1,1,6,0,3,0,0,3
"Public Class","net.minecraftforge.client.model.ModelFormatException",0,2,1,0,0,4,4,0,4
"Public Class","net.minecraftforge.client.model.obj.Face",66,1,1,2,0,3,3,4,3
"Public Class","net.minecraftforge.client.model.obj.GroupObject",66,1,1,1,0,5,5,3,5
"Public Class","net.minecraftforge.client.model.obj.ObjModelLoader",66,1,2,3,0,3,3,0,3
"Public Class","net.minecraftforge.client.model.obj.TextureCoordinate",50,1,1,0,0,2,2,3,2
"Public Class","net.minecraftforge.client.model.obj.Vertex",50,1,1,0,0,2,2,3,2
"Public Class","net.minecraftforge.client.model.obj.WavefrontObject",93,1,2,5,0,26,17,6,26
"Public Class","net.minecraftforge.client.model.techne.TechneModel",82,2,2,2,0,8,8,6,8
"Public Class","net.minecraftforge.client.model.techne.TechneModelLoader",66,1,2,3,0,3,3,0,3
"Public Class","net.minecraftforge.common.AchievementPage",66,1,1,0,0,9,3,2,9
"Public Class","net.minecraftforge.common.BiomeDictionary",76,1,1,4,0,13,0,0,13
"Private Static Class","net.minecraftforge.common.BiomeDictionary.BiomeInfo",0,1,1,1,0,1,1,1,1
"Public Class","net.minecraftforge.common.BiomeManager",0,1,1,0,0,6,0,0,6
"Public Class","net.minecraftforge.common.ChestGenHooks",92,1,1,1,0,21,11,4,21
"Public Class","net.minecraftforge.common.ConfigCategory",78,1,2,3,0,31,30,6,31
"Public Class","net.minecraftforge.common.Configuration",94,1,1,7,0,44,43,8,44
"Public Static Class","net.minecraftforge.common.Configuration.UnicodeInputStreamReader",37,2,1,0,0,4,4,2,4
"Public Class","net.minecraftforge.common.DimensionManager",84,1,1,8,0,23,0,0,23
"Public Class","net.minecraftforge.common.DungeonHooks",0,1,1,1,0,3,0,0,3
"Public Static Class","net.minecraftforge.common.DungeonHooks.DungeonMob",0,2,1,0,0,2,2,1,2
"Public Class","net.minecraftforge.common.EnumHelper",90,1,1,3,1,22,0,0,22
"Public Class","net.minecraftforge.common.FakePlayer",0,2,1,0,0,5,5,0,5
"Public Class","net.minecraftforge.common.FakePlayerFactory",0,1,1,1,0,1,0,0,1
"Public Class","net.minecraftforge.common.ForgeChunkManager",86,1,1,16,0,24,0,0,24
"Public Static Class","net.minecraftforge.common.ForgeChunkManager.ForceChunkEvent",0,2,1,1,0,11,1,2,1
"Public Static Class","net.minecraftforge.common.ForgeChunkManager.Ticket",86,1,1,3,0,13,13,11,13
"Public Static Class","net.minecraftforge.common.ForgeChunkManager.UnforceChunkEvent",0,2,1,1,0,11,1,2,1
"Public Class","net.minecraftforge.common.ForgeDummyContainer",91,2,2,20,0,37,10,0,10
"Public Class","net.minecraftforge.common.ForgeHooks",92,1,1,18,0,21,0,0,21
"Static Class","net.minecraftforge.common.ForgeHooks.GrassEntry",0,2,1,0,0,1,1,2,1
"Static Class","net.minecraftforge.common.ForgeHooks.SeedEntry",0,2,1,0,0,1,1,1,1
"Public Class","net.minecraftforge.common.ForgeInternalHandler",0,1,1,11,0,4,4,0,4
"Public Class","net.minecraftforge.common.ForgeVersion",60,1,1,0,0,5,0,0,5
"Public Static Class","net.minecraftforge.common.ISpecialArmor.ArmorProperties",33,1,2,1,0,6,4,4,6
"Public Class","net.minecraftforge.common.MinecraftForge",95,1,1,8,0,10,0,0,10
"Class","net.minecraftforge.common.MinecraftForge.initialize.(Anon_1)",0,1,2,2,0,1,1,0,1
"Public Class","net.minecraftforge.common.Property",85,1,1,1,0,32,32,8,32
"Public Class","net.minecraftforge.common.RotationHelper",83,1,1,2,0,6,0,1,6
"Public Class","net.minecraftforge.common.WorldSpecificSaveHandler",60,1,2,0,0,10,10,3,10
"Public Class","net.minecraftforge.common.network.ForgeConnectionHandler",0,1,2,4,0,6,6,0,6
"Public Class","net.minecraftforge.common.network.ForgeNetworkHandler",0,2,1,2,0,22,2,0,2
"Public Abstract Class","net.minecraftforge.common.network.ForgePacket",80,1,1,1,2,7,5,2,7
"Public Class","net.minecraftforge.common.network.ForgePacketHandler",0,1,2,2,0,1,1,0,1
"Public Class","net.minecraftforge.common.network.ForgeTinyPacketHandler",0,1,2,0,0,1,1,0,1
"Public Class","net.minecraftforge.common.network.packet.DimensionRegisterPacket",19,2,1,1,0,12,5,2,5
"Public Class","net.minecraftforge.event.ASMEventHandler",71,1,2,4,0,5,5,2,5
"Private Static Class","net.minecraftforge.event.ASMEventHandler.ASMClassLoader",0,2,1,0,0,2,2,0,2
"Public Class","net.minecraftforge.event.CommandEvent",25,2,1,0,0,11,1,4,1
"Public Class","net.minecraftforge.event.Event",83,1,1,4,31,10,10,4,10
"Public Class","net.minecraftforge.event.EventBus",53,1,1,5,0,5,5,2,5
"Public Class","net.minecraftforge.event.ForgeEventFactory",0,1,1,21,0,12,0,0,12
"Public Class","net.minecraftforge.event.ListenerList",60,1,1,3,0,10,7,2,10
"Private Class","net.minecraftforge.event.ListenerList.ListenerListInst",52,1,1,2,0,9,9,4,9
"Public Class","net.minecraftforge.event.ServerChatEvent",0,2,1,0,0,11,1,4,1
"Public Class","net.minecraftforge.event.brewing.PotionBrewedEvent",0,2,1,0,0,11,1,1,1
"Public Class","net.minecraftforge.event.entity.EntityEvent",0,2,1,0,9,11,1,1,1
"Public Static Class","net.minecraftforge.event.entity.EntityEvent.CanUpdate",100,3,1,0,0,12,1,1,1
"Public Static Class","net.minecraftforge.event.entity.EntityEvent.EnteringChunk",0,3,1,0,0,12,1,4,1
"Public Static Class","net.minecraftforge.event.entity.EntityEvent.EntityConstructing",0,3,1,0,0,12,1,0,1
"Public Class","net.minecraftforge.event.entity.EntityJoinWorldEvent",0,3,1,0,0,12,1,1,1
"Public Class","net.minecraftforge.event.entity.EntityStruckByLightningEvent",0,3,1,0,0,12,1,1,1
"Public Class","net.minecraftforge.event.entity.PlaySoundAtEntityEvent",0,3,1,0,0,12,1,3,1
"Public Class","net.minecraftforge.event.entity.item.ItemEvent",0,3,1,0,2,12,1,1,1
"Public Class","net.minecraftforge.event.entity.item.ItemExpireEvent",0,4,1,0,0,13,1,1,1
"Public Class","net.minecraftforge.event.entity.item.ItemTossEvent",0,4,1,0,0,13,1,1,1
"Public Class","net.minecraftforge.event.entity.living.EnderTeleportEvent",0,4,1,0,0,13,1,4,1
"Public Class","net.minecraftforge.event.entity.living.LivingAttackEvent",0,4,1,0,0,13,1,2,1
"Public Class","net.minecraftforge.event.entity.living.LivingDeathEvent",0,4,1,0,0,13,1,1,1
"Public Class","net.minecraftforge.event.entity.living.LivingDropsEvent",0,4,1,0,1,13,1,5,1
"Public Class","net.minecraftforge.event.entity.living.LivingEvent",0,3,1,1,12,12,1,1,1
"Public Static Class","net.minecraftforge.event.entity.living.LivingEvent.LivingJumpEvent",0,4,1,0,0,13,1,0,1
"Public Static Class","net.minecraftforge.event.entity.living.LivingEvent.LivingUpdateEvent",0,4,1,0,0,13,1,0,1
"Public Class","net.minecraftforge.event.entity.living.LivingFallEvent",0,4,1,0,0,13,1,1,1
"Public Class","net.minecraftforge.event.entity.living.LivingHurtEvent",0,4,1,0,0,13,1,2,1
"Public Class","net.minecraftforge.event.entity.living.LivingPackSizeEvent",100,4,1,0,0,13,1,1,1
"Public Class","net.minecraftforge.event.entity.living.LivingSetAttackTargetEvent",0,4,1,0,0,13,1,1,1
"Public Class","net.minecraftforge.event.entity.living.LivingSpawnEvent",0,4,1,2,3,13,1,4,1
"Public Static Class","net.minecraftforge.event.entity.living.LivingSpawnEvent.AllowDespawn",0,5,1,0,0,14,1,0,1
"Public Static Class","net.minecraftforge.event.entity.living.LivingSpawnEvent.CheckSpawn",0,5,1,0,0,14,1,0,1
"Public Static Class","net.minecraftforge.event.entity.living.LivingSpawnEvent.SpecialSpawn",0,5,1,0,0,14,1,0,1
"Public Class","net.minecraftforge.event.entity.minecart.MinecartCollisionEvent",0,4,1,0,0,13,1,1,1
"Public Class","net.minecraftforge.event.entity.minecart.MinecartEvent",0,3,1,0,3,12,1,1,1
"Public Class","net.minecraftforge.event.entity.minecart.MinecartInteractEvent",0,4,1,0,0,13,1,1,1
"Public Class","net.minecraftforge.event.entity.minecart.MinecartUpdateEvent",0,4,1,0,0,13,1,3,1
"Public Class","net.minecraftforge.event.entity.player.ArrowLooseEvent",0,5,1,0,0,14,1,2,1
"Public Class","net.minecraftforge.event.entity.player.ArrowNockEvent",0,5,1,0,0,14,1,1,1
"Public Class","net.minecraftforge.event.entity.player.AttackEntityEvent",0,5,1,0,0,14,1,1,1
"Public Class","net.minecraftforge.event.entity.player.BonemealEvent",0,5,1,0,0,14,1,5,1
"Public Class","net.minecraftforge.event.entity.player.EntityInteractEvent",0,5,1,0,0,14,1,1,1
"Public Class","net.minecraftforge.event.entity.player.EntityItemPickupEvent",50,5,1,0,0,14,1,2,1
"Public Class","net.minecraftforge.event.entity.player.FillBucketEvent",25,5,1,0,0,14,1,4,1
"Public Class","net.minecraftforge.event.entity.player.ItemTooltipEvent",0,5,1,0,0,14,1,3,1
"Public Class","net.minecraftforge.event.entity.player.PlayerDestroyItemEvent",0,5,1,0,0,14,1,1,1
"Public Class","net.minecraftforge.event.entity.player.PlayerDropsEvent",0,5,1,0,0,14,1,1,1
"Public Class","net.minecraftforge.event.entity.player.PlayerEvent",0,4,1,1,17,13,1,1,1
"Public Static Class","net.minecraftforge.event.entity.player.PlayerEvent.BreakSpeed",0,5,1,0,0,14,1,4,1
"Public Static Class","net.minecraftforge.event.entity.player.PlayerEvent.HarvestCheck",0,5,1,0,0,14,1,2,1
"Public Static Class","net.minecraftforge.event.entity.player.PlayerEvent.NameFormat",0,5,1,0,0,14,1,2,1
"Public Class","net.minecraftforge.event.entity.player.PlayerFlyableFallEvent",0,5,1,0,0,14,1,1,1
"Public Class","net.minecraftforge.event.entity.player.PlayerInteractEvent",42,5,1,2,0,15,2,7,2
"Public Class","net.minecraftforge.event.entity.player.PlayerSleepInBedEvent",25,5,1,0,0,14,1,4,1
"Public Class","net.minecraftforge.event.entity.player.UseHoeEvent",16,5,1,0,0,14,1,6,1
"Public Class","net.minecraftforge.event.terraingen.BiomeEvent",0,2,1,1,3,11,1,1,1
"Public Static Class","net.minecraftforge.event.terraingen.BiomeEvent.BiomeColor",0,3,1,0,3,12,1,2,1
"Public Static Class","net.minecraftforge.event.terraingen.BiomeEvent.BlockReplacement",0,3,1,0,2,12,1,2,1
"Public Static Class","net.minecraftforge.event.terraingen.BiomeEvent.CreateDecorator",0,3,1,0,0,12,1,2,1
"Public Static Class","net.minecraftforge.event.terraingen.BiomeEvent.GetFoliageColor",0,4,1,0,0,13,1,0,1
"Public Static Class","net.minecraftforge.event.terraingen.BiomeEvent.GetGrassColor",0,4,1,0,0,13,1,0,1
"Public Static Class","net.minecraftforge.event.terraingen.BiomeEvent.GetVillageBlockID",0,4,1,0,0,13,1,0,1
"Public Static Class","net.minecraftforge.event.terraingen.BiomeEvent.GetVillageBlockMeta",0,4,1,0,0,13,1,0,1
"Public Static Class","net.minecraftforge.event.terraingen.BiomeEvent.GetWaterColor",0,4,1,0,0,13,1,0,1
"Public Class","net.minecraftforge.event.terraingen.ChunkProviderEvent",0,2,1,1,3,11,1,1,1
"Public Static Class","net.minecraftforge.event.terraingen.ChunkProviderEvent.InitNoiseField",0,3,1,0,0,12,1,7,1
"Public Static Class","net.minecraftforge.event.terraingen.ChunkProviderEvent.ReplaceBiomeBlocks",0,3,1,0,0,12,1,4,1
"Public Class","net.minecraftforge.event.terraingen.DecorateBiomeEvent",0,2,1,1,3,11,1,4,1
"Public Static Class","net.minecraftforge.event.terraingen.DecorateBiomeEvent.Decorate",0,3,1,1,0,12,1,1,1
"Public Static Class","net.minecraftforge.event.terraingen.DecorateBiomeEvent.Post",0,3,1,0,0,12,1,0,1
"Public Static Class","net.minecraftforge.event.terraingen.DecorateBiomeEvent.Pre",0,3,1,0,0,12,1,0,1
"Public Class","net.minecraftforge.event.terraingen.DeferredBiomeDecorator",33,2,1,4,0,3,3,1,3
"Public Class","net.minecraftforge.event.terraingen.InitMapGenEvent",0,2,1,1,0,11,1,3,1
"Public Class","net.minecraftforge.event.terraingen.InitNoiseGensEvent",0,3,1,0,0,12,1,3,1
"Public Class","net.minecraftforge.event.terraingen.OreGenEvent",0,2,1,1,3,11,1,4,1
"Public Static Class","net.minecraftforge.event.terraingen.OreGenEvent.GenerateMinable",0,3,1,1,0,12,1,2,1
"Public Static Class","net.minecraftforge.event.terraingen.OreGenEvent.Post",0,3,1,0,0,12,1,0,1
"Public Static Class","net.minecraftforge.event.terraingen.OreGenEvent.Pre",0,3,1,0,0,12,1,0,1
"Public Class","net.minecraftforge.event.terraingen.PopulateChunkEvent",0,3,1,1,3,12,1,5,1
"Public Static Class","net.minecraftforge.event.terraingen.PopulateChunkEvent.Populate",0,4,1,1,0,13,1,1,1
"Public Static Class","net.minecraftforge.event.terraingen.PopulateChunkEvent.Post",0,4,1,0,0,13,1,0,1
"Public Static Class","net.minecraftforge.event.terraingen.PopulateChunkEvent.Pre",0,4,1,0,0,13,1,0,1
"Public Class","net.minecraftforge.event.terraingen.SaplingGrowTreeEvent",0,3,1,0,0,12,1,4,1
"Public Abstract Class","net.minecraftforge.event.terraingen.TerrainGen",0,1,1,15,0,6,0,0,6
"Public Class","net.minecraftforge.event.terraingen.WorldTypeEvent",0,2,1,0,2,11,1,1,1
"Public Static Class","net.minecraftforge.event.terraingen.WorldTypeEvent.BiomeSize",0,3,1,0,0,12,1,2,1
"Public Static Class","net.minecraftforge.event.terraingen.WorldTypeEvent.InitBiomeGens",0,3,1,0,0,12,1,3,1
"Public Class","net.minecraftforge.event.world.BlockEvent",0,2,1,0,1,11,1,6,1
"Public Static Class","net.minecraftforge.event.world.BlockEvent.HarvestDropsEvent",0,3,1,0,0,12,1,5,1
"Public Class","net.minecraftforge.event.world.ChunkDataEvent",0,4,1,0,2,15,2,1,2
"Public Static Class","net.minecraftforge.event.world.ChunkDataEvent.Load",0,5,1,0,0,16,1,0,1
"Public Static Class","net.minecraftforge.event.world.ChunkDataEvent.Save",0,5,1,0,0,16,1,0,1
"Public Class","net.minecraftforge.event.world.ChunkEvent",0,3,1,0,3,13,2,1,2
"Public Static Class","net.minecraftforge.event.world.ChunkEvent.Load",0,4,1,0,0,14,1,0,1
"Public Static Class","net.minecraftforge.event.world.ChunkEvent.Unload",0,4,1,0,0,14,1,0,1
"Public Class","net.minecraftforge.event.world.ChunkWatchEvent",0,2,1,0,2,11,1,2,1
"Public Static Class","net.minecraftforge.event.world.ChunkWatchEvent.UnWatch",0,3,1,0,0,12,1,0,1
"Public Static Class","net.minecraftforge.event.world.ChunkWatchEvent.Watch",0,3,1,0,0,12,1,0,1
"Public Class","net.minecraftforge.event.world.WorldEvent",0,2,1,1,7,11,1,1,1
"Public Static Class","net.minecraftforge.event.world.WorldEvent.Load",0,3,1,0,0,12,1,0,1
"Public Static Class","net.minecraftforge.event.world.WorldEvent.PotentialSpawns",0,3,1,0,0,12,1,5,1
"Public Static Class","net.minecraftforge.event.world.WorldEvent.Save",0,3,1,0,0,12,1,0,1
"Public Static Class","net.minecraftforge.event.world.WorldEvent.Unload",0,3,1,0,0,12,1,0,1
"Public Abstract Class","net.minecraftforge.fluids.BlockFluidBase",91,2,2,2,2,38,35,10,38
"Public Class","net.minecraftforge.fluids.BlockFluidClassic",88,3,1,3,0,55,17,3,17
"Public Class","net.minecraftforge.fluids.BlockFluidFinite",0,3,1,2,0,46,8,0,8
"Public Class","net.minecraftforge.fluids.Fluid",95,1,1,5,0,49,47,11,49
"Public Abstract Class","net.minecraftforge.fluids.FluidContainerRegistry",86,1,1,7,0,14,1,0,14
"Public Static Class","net.minecraftforge.fluids.FluidContainerRegistry.FluidContainerData",33,1,1,2,0,3,3,3,3
"Public Static Class","net.minecraftforge.fluids.FluidContainerRegistry.FluidContainerRegisterEvent",0,2,1,1,0,11,1,1,1
"Public Class","net.minecraftforge.fluids.FluidEvent",50,2,1,3,4,12,1,5,2
"Public Static Class","net.minecraftforge.fluids.FluidEvent.FluidDrainingEvent",0,3,1,2,0,13,1,1,1
"Public Static Class","net.minecraftforge.fluids.FluidEvent.FluidFillingEvent",0,3,1,2,0,13,1,1,1
"Public Static Class","net.minecraftforge.fluids.FluidEvent.FluidMotionEvent",0,3,1,1,0,13,1,0,1
"Public Static Class","net.minecraftforge.fluids.FluidEvent.FluidSpilledEvent",0,3,1,1,0,13,1,0,1
"Public Class","net.minecraftforge.fluids.FluidIdMapPacket",33,2,1,1,0,10,3,1,3
"Public Abstract Class","net.minecraftforge.fluids.FluidRegistry",83,1,1,5,0,14,1,0,14
"Public Static Class","net.minecraftforge.fluids.FluidRegistry.FluidRegisterEvent",0,2,1,0,0,11,1,2,1
"Public Class","net.minecraftforge.fluids.FluidStack",58,1,1,4,0,16,14,3,16
"Public Class","net.minecraftforge.fluids.FluidTank",66,1,2,6,0,13,13,3,13
"Public Class","net.minecraftforge.fluids.FluidTankInfo",0,1,1,2,0,2,2,2,2
"Public Class","net.minecraftforge.fluids.ItemFluidContainer",28,2,2,1,0,7,7,1,7
"Public Class","net.minecraftforge.fluids.RenderBlockFluid",86,1,2,2,0,6,6,0,6
"Public Class","net.minecraftforge.fluids.TileFluidHandler",25,2,2,6,0,8,8,1,8
"Public Class","net.minecraftforge.liquids.LiquidContainerData",0,1,1,1,0,1,1,3,1
"Public Class","net.minecraftforge.liquids.LiquidContainerRegistry",81,1,1,2,0,10,0,0,10
"Public Abstract Class","net.minecraftforge.liquids.LiquidDictionary",0,1,1,5,0,6,0,0,6
"Public Static Class","net.minecraftforge.liquids.LiquidDictionary.LiquidRegisterEvent",0,2,1,1,0,11,1,2,1
"Public Class","net.minecraftforge.liquids.LiquidEvent",50,2,1,3,4,12,1,5,2
"Public Static Class","net.minecraftforge.liquids.LiquidEvent.LiquidDrainingEvent",0,3,1,2,0,13,1,1,1
"Public Static Class","net.minecraftforge.liquids.LiquidEvent.LiquidFillingEvent",0,3,1,2,0,13,1,1,1
"Public Static Class","net.minecraftforge.liquids.LiquidEvent.LiquidMotionEvent",0,3,1,1,0,13,1,0,1
"Public Static Class","net.minecraftforge.liquids.LiquidEvent.LiquidSpilledEvent",0,3,1,1,0,13,1,0,1
"Public Class","net.minecraftforge.liquids.LiquidStack",70,1,1,4,0,19,18,6,19
"Public Class","net.minecraftforge.liquids.LiquidTank",73,1,2,5,0,17,17,4,17
"Public Class","net.minecraftforge.oredict.OreDictionary",86,1,1,5,0,16,0,0,16
"Public Static Class","net.minecraftforge.oredict.OreDictionary.OreRegisterEvent",0,2,1,0,0,11,1,2,1
"Public Class","net.minecraftforge.oredict.ShapedOreRecipe",71,1,2,1,0,12,12,5,12
"Public Class","net.minecraftforge.oredict.ShapelessOreRecipe",55,1,2,1,0,10,10,2,10
"Public Class","net.minecraftforge.server.ForgeTimeTracker",80,1,1,0,0,9,4,5,9
"Public Class","net.minecraftforge.server.command.ForgeCommand",85,2,1,2,0,10,9,1,10
"Public Class","net.minecraftforge.transformers.EventTransformer",0,1,2,1,0,3,3,0,3
"Public Class","net.minecraftforge.transformers.ForgeAccessTransformer",0,2,1,0,0,10,1,0,1
"Public Class","paulscode.sound.codecs.CodecIBXM",84,1,2,5,0,20,14,9,20
